user_id,gender,age,age_band,age_5,job,area,reg_date
U0102,남,25,20대,25~29,사무/기술직,경기,2023-05-05
U1280,여,30,30대,30~34,대학생,경남,2024-05-10
U1775,여,52,50대,50~54,자영업,제주,2023-10-08
U1164,여,26,20대,25~29,전업주부,인천,2023-05-16
U1817,여,52,50대,50~54,사무/기술직,서울,2023-09-08
U1368,여,36,30대,35~39,대학생,대구,2024-05-14
U1834,여,51,50대,50~54,자유/전문직,대전,2023-12-03
U1455,여,42,40대,40~44,기능/작업직,광주,2024-09-15
U1569,여,47,40대,45~49,경영/관리직,경북,2023-06-05
U1197,여,27,20대,25~29,판매/영업,충남,2024-10-31
U0366,남,35,30대,35~39,대학생,서울,2023-08-03
U1059,여,21,20대,20~24,사무/기술직,서울,2023-12-24
U0442,남,37,30대,35~39,자유/전문직,부산,2023-03-31
U1751,여,52,50대,50~54,전업주부,경남,2023-10-19
U0058,남,21,20대,20~24,기타,대구,2023-03-30
U0561,남,40,40대,40~44,사무/기술직,경기,2024-11-24
U1068,여,23,20대,20~24,전업주부,대전,2023-10-29
U0671,남,47,40대,45~49,자유/전문직,대구,2024-02-17
U0331,남,34,30대,30~34,사무/기술직,경북,2024-11-09
U0038,남,23,20대,20~24,대학생,서울,2024-06-04
U0498,남,41,40대,40~44,전업주부,서울,2023-05-14
U1002,남,55,50대,55~59,자유/전문직,인천,2023-05-25
U1878,여,58,50대,55~59,사무/기술직,서울,2024-09-14
U0134,남,27,20대,25~29,대학생,부산,2024-06-13
U0262,남,33,30대,30~34,기타,울산,2024-03-10
U0200,남,26,20대,25~29,사무/기술직,서울,2024-10-20
U1481,여,42,40대,40~44,자유/전문직,경기,2024-06-01
U1993,여,56,50대,55~59,기능/작업직,부산,2024-07-05
U0903,남,59,50대,55~59,기능/작업직,경기,2024-04-23
U1043,여,22,20대,20~24,자유/전문직,서울,2024-11-25
U1305,여,31,30대,30~34,기타,부산,2024-04-12
U1682,여,46,40대,45~49,자유/전문직,서울,2024-02-26
U0790,남,50,50대,50~54,사무/기술직,서울,2024-06-05
U0460,남,42,40대,40~44,자유/전문직,광주,2024-11-07
U0675,남,48,40대,45~49,기능/작업직,강원,2024-06-19
U1286,여,30,30대,30~34,사무/기술직,인천,2023-05-14
U0997,남,56,50대,55~59,사무/기술직,서울,2024-06-16
U1760,여,54,50대,50~54,사무/기술직,인천,2023-08-22
U1125,여,28,20대,25~29,판매/영업,서울,2024-01-05
U0725,남,53,50대,50~54,전업주부,서울,2024-09-04
U1657,여,46,40대,45~49,자영업,전북,2023-02-17
U1990,여,59,50대,55~59,자유/전문직,서울,2023-08-20
U0665,남,46,40대,45~49,자유/전문직,대구,2023-05-04
U0169,남,27,20대,25~29,전업주부,전남,2023-12-12
U1782,여,53,50대,50~54,자유/전문직,서울,2024-11-09
U0376,남,39,30대,35~39,대학생,서울,2023-09-07
U1436,여,36,30대,35~39,사무/기술직,서울,2024-11-12
U1274,여,32,30대,30~34,전업주부,경북,2024-09-10
U1578,여,49,40대,45~49,사무/기술직,부산,2023-05-21
U1535,여,40,40대,40~44,자영업,서울,2024-04-22
U1849,여,50,50대,50~54,사무/기술직,경기,2023-05-14
U1072,여,20,20대,20~24,사무/기술직,서울,2023-08-30
U1039,여,20,20대,20~24,기타,경기,2023-12-30
U1139,여,26,20대,25~29,사무/기술직,서울,2024-02-09
U0119,남,28,20대,25~29,전업주부,대전,2024-07-01
U0964,남,55,50대,55~59,대학생,서울,2023-11-13
U1425,여,37,30대,35~39,사무/기술직,서울,2023-01-06
U1381,여,39,30대,35~39,자유/전문직,경기,2023-03-08
U1996,여,57,50대,55~59,자영업,서울,2024-08-30
U0883,남,56,50대,55~59,기타,경기,2024-08-11
U1463,여,44,40대,40~44,기타,서울,2023-04-08
U1428,여,36,30대,35~39,사무/기술직,대구,2024-06-28
U0403,남,35,30대,35~39,기능/작업직,충남,2023-04-16
U0409,남,39,30대,35~39,경영/관리직,서울,2024-08-20
U1659,여,45,40대,45~49,기능/작업직,서울,2023-12-26
U0043,남,20,20대,20~24,자영업,광주,2024-07-13
U1677,여,46,40대,45~49,사무/기술직,경기,2023-02-02
U1970,여,55,50대,55~59,대학생,대구,2023-09-16
U0227,남,34,30대,30~34,기능/작업직,전북,2024-05-08
U1384,여,39,30대,35~39,기능/작업직,경기,2023-04-03
U1168,여,27,20대,25~29,판매/영업,경북,2023-06-24
U1981,여,56,50대,55~59,전업주부,서울,2023-02-03
U0769,남,53,50대,50~54,대학생,충남,2023-05-11
U0865,남,54,50대,50~54,자유/전문직,경북,2023-11-05
U1859,여,55,50대,55~59,사무/기술직,대구,2023-08-20
U1875,여,58,50대,55~59,무직,경기,2024-08-19
U0906,남,56,50대,55~59,무직,충북,2024-07-03
U1528,여,42,40대,40~44,사무/기술직,경기,2023-12-19
U0418,남,37,30대,35~39,사무/기술직,경기,2023-05-10
U1095,여,21,20대,20~24,자영업,서울,2024-08-26
U0264,남,33,30대,30~34,사무/기술직,부산,2024-09-23
U0486,남,43,40대,40~44,사무/기술직,부산,2023-04-11
U0275,남,34,30대,30~34,기능/작업직,대전,2024-08-23
U1742,여,51,50대,50~54,대학생,경기,2023-04-03
U0600,남,49,40대,45~49,전업주부,경기,2024-08-29
U0879,남,58,50대,55~59,사무/기술직,부산,2023-07-19
U1739,여,52,50대,50~54,대학생,세종,2024-04-21
U0676,남,45,40대,45~49,전업주부,서울,2024-03-05
U0503,남,43,40대,40~44,대학생,경기,2023-06-12
U0657,남,49,40대,45~49,경영/관리직,서울,2023-04-17
U0877,남,59,50대,55~59,사무/기술직,부산,2024-07-31
U1843,여,50,50대,50~54,대학생,경기,2023-01-12
U1574,여,47,40대,45~49,사무/기술직,광주,2024-04-21
U0520,남,41,40대,40~44,사무/기술직,전남,2024-06-13
U1250,여,33,30대,30~34,사무/기술직,충남,2023-05-17
U1752,여,52,50대,50~54,사무/기술직,경기,2023-07-20
U0121,남,27,20대,25~29,자영업,울산,2023-08-03
U0371,남,38,30대,35~39,사무/기술직,전남,2023-09-07
U1418,여,36,30대,35~39,경영/관리직,서울,2023-12-09
U0915,남,55,50대,55~59,기타,서울,2023-06-14
U1141,여,25,20대,25~29,사무/기술직,경남,2024-10-17
U0165,남,27,20대,25~29,사무/기술직,경북,2023-02-16
U0961,남,56,50대,55~59,판매/영업,서울,2023-11-30
U1969,여,57,50대,55~59,무직,서울,2024-02-25
U0845,남,53,50대,50~54,자유/전문직,부산,2023-11-22
U1901,여,58,50대,55~59,자유/전문직,인천,2023-08-02
U0466,남,40,40대,40~44,사무/기술직,대구,2024-01-23
U1433,여,35,30대,35~39,전업주부,경기,2024-04-23
U0756,남,51,50대,50~54,자영업,경기,2024-01-19
U1047,여,24,20대,20~24,전업주부,경기,2024-01-14
U1962,여,57,50대,55~59,대학생,서울,2024-10-03
U0022,남,23,20대,20~24,사무/기술직,제주,2024-07-07
U0733,남,53,50대,50~54,사무/기술직,울산,2023-07-10
U1476,여,44,40대,40~44,사무/기술직,서울,2023-09-25
U1189,여,27,20대,25~29,전업주부,서울,2024-02-01
U1948,여,57,50대,55~59,사무/기술직,경기,2024-09-05
U0848,남,53,50대,50~54,전업주부,충남,2023-04-22
U0065,남,20,20대,20~24,기능/작업직,서울,2023-07-22
U1069,여,23,20대,20~24,사무/기술직,인천,2024-07-22
U1649,여,46,40대,45~49,자영업,대전,2024-07-15
U0914,남,59,50대,55~59,사무/기술직,경기,2024-08-19
U0547,남,42,40대,40~44,자유/전문직,경기,2023-05-07
U0093,남,25,20대,25~29,사무/기술직,전북,2023-09-22
U1427,여,37,30대,35~39,자유/전문직,경남,2024-09-03
U1873,여,59,50대,55~59,경영/관리직,전남,2023-04-12
U1930,여,57,50대,55~59,기타,광주,2023-01-02
U0808,남,54,50대,50~54,사무/기술직,경기,2023-04-19
U1329,여,34,30대,30~34,자영업,대구,2024-10-05
U0590,남,45,40대,45~49,전업주부,전남,2023-05-18
U0176,남,28,20대,25~29,전업주부,대구,2024-02-26
U0464,남,40,40대,40~44,판매/영업,인천,2023-12-23
U0661,남,45,40대,45~49,사무/기술직,서울,2024-05-10
U1963,여,56,50대,55~59,사무/기술직,인천,2023-05-20
U0387,남,39,30대,35~39,사무/기술직,서울,2024-02-07
U0850,남,54,50대,50~54,기능/작업직,부산,2023-12-15
U1790,여,52,50대,50~54,자유/전문직,대구,2023-11-28
U1835,여,53,50대,50~54,판매/영업,경기,2024-08-01
U0193,남,28,20대,25~29,무직,경기,2024-05-31
U1055,여,24,20대,20~24,경영/관리직,서울,2023-08-16
U1846,여,54,50대,50~54,사무/기술직,경남,2023-01-12
U1045,여,24,20대,20~24,대학생,경기,2023-02-09
U1580,여,45,40대,45~49,기타,제주,2024-04-13
U1225,여,31,30대,30~34,자유/전문직,경기,2023-06-24
U0833,남,51,50대,50~54,대학생,충남,2023-03-24
U0781,남,51,50대,50~54,사무/기술직,경기,2023-08-11
U0355,남,35,30대,35~39,기능/작업직,충남,2024-02-24
U1764,여,54,50대,50~54,사무/기술직,경기,2023-06-26
U1469,여,44,40대,40~44,사무/기술직,전남,2024-07-28
U0008,남,23,20대,20~24,판매/영업,대전,2024-04-04
U1637,여,45,40대,45~49,사무/기술직,대구,2023-06-01
U1954,여,56,50대,55~59,기능/작업직,경기,2024-05-01
U1636,여,47,40대,45~49,전업주부,서울,2024-01-19
U1584,여,45,40대,45~49,사무/기술직,부산,2024-01-29
U1612,여,49,40대,45~49,자영업,대전,2023-08-15
U1467,여,41,40대,40~44,사무/기술직,경기,2023-08-25
U1788,여,50,50대,50~54,전업주부,경기,2024-11-20
U1902,여,59,50대,55~59,사무/기술직,광주,2023-09-25
U0809,남,53,50대,50~54,경영/관리직,인천,2024-03-17
U0497,남,40,40대,40~44,자유/전문직,경북,2023-05-07
U0909,남,56,50대,55~59,사무/기술직,서울,2024-12-02
U0934,남,56,50대,55~59,사무/기술직,대구,2023-02-12
U1417,여,38,30대,35~39,사무/기술직,대전,2023-12-22
U0591,남,48,40대,45~49,판매/영업,충남,2024-06-09
U1731,여,54,50대,50~54,자유/전문직,대구,2024-05-25
U0426,남,36,30대,35~39,대학생,경남,2023-11-11
U0668,남,47,40대,45~49,사무/기술직,경기,2023-02-20
U0751,남,51,50대,50~54,자유/전문직,전남,2023-12-06
U0049,남,20,20대,20~24,무직,전남,2023-01-08
U0827,남,51,50대,50~54,대학생,인천,2023-08-01
U0969,남,55,50대,55~59,사무/기술직,경기,2024-07-29
U0447,남,35,30대,35~39,자유/전문직,부산,2024-01-03
U0988,남,56,50대,55~59,사무/기술직,경기,2024-08-06
U1762,여,51,50대,50~54,판매/영업,경북,2023-08-25
U0891,남,56,50대,55~59,사무/기술직,경기,2023-05-03
U0834,남,52,50대,50~54,무직,서울,2023-11-19
U0156,남,28,20대,25~29,판매/영업,경기,2023-01-19
U0459,남,42,40대,40~44,자유/전문직,서울,2023-05-24
U0206,남,29,20대,25~29,사무/기술직,대전,2024-11-25
U0887,남,59,50대,55~59,자유/전문직,부산,2024-07-14
U0395,남,37,30대,35~39,대학원생,서울,2024-07-19
U0394,남,35,30대,35~39,무직,경기,2024-06-11
U1623,여,45,40대,45~49,경영/관리직,서울,2024-02-06
U0669,남,49,40대,45~49,대학생,서울,2023-01-28
U0859,남,53,50대,50~54,사무/기술직,서울,2024-05-23
U1202,여,29,20대,25~29,자유/전문직,경기,2023-01-16
U1512,여,44,40대,40~44,사무/기술직,서울,2024-10-18
U0011,남,23,20대,20~24,사무/기술직,경남,2024-11-10
U1169,여,25,20대,25~29,전업주부,서울,2024-07-23
U1124,여,26,20대,25~29,전업주부,서울,2023-09-08
U1668,여,49,40대,45~49,사무/기술직,울산,2024-02-09
U0172,남,27,20대,25~29,사무/기술직,서울,2024-10-17
U1585,여,45,40대,45~49,자영업,서울,2023-04-29
U0272,남,30,30대,30~34,사무/기술직,부산,2023-09-25
U1893,여,59,50대,55~59,사무/기술직,경남,2024-05-20
U1322,여,31,30대,30~34,자유/전문직,충남,2023-03-15
U0587,남,48,40대,45~49,기능/작업직,경기,2024-03-01
U0697,남,46,40대,45~49,대학생,서울,2023-03-29
U0614,남,48,40대,45~49,사무/기술직,경북,2023-03-16
U0576,남,43,40대,40~44,기능/작업직,경기,2024-05-04
U1266,여,33,30대,30~34,자유/전문직,경기,2024-09-23
U1367,여,37,30대,35~39,사무/기술직,경기,2024-01-24
U0389,남,36,30대,35~39,대학생,경기,2023-02-19
U1741,여,54,50대,50~54,판매/영업,광주,2023-10-06
U1093,여,22,20대,20~24,자영업,서울,2023-04-02
U1254,여,30,30대,30~34,사무/기술직,인천,2024-07-29
U1356,여,36,30대,35~39,경영/관리직,충북,2023-06-28
U1568,여,43,40대,40~44,사무/기술직,경북,2023-11-04
U0066,남,24,20대,20~24,전업주부,경기,2024-09-17
U0237,남,33,30대,30~34,자유/전문직,서울,2023-05-12
U0743,남,54,50대,50~54,자영업,경남,2023-08-22
U1635,여,45,40대,45~49,사무/기술직,서울,2024-04-26
U0067,남,21,20대,20~24,대학생,서울,2024-02-20
U1965,여,55,50대,55~59,사무/기술직,서울,2024-06-13
U0513,남,40,40대,40~44,전업주부,서울,2023-06-12
U0736,남,50,50대,50~54,사무/기술직,경기,2023-12-28
U0674,남,48,40대,45~49,사무/기술직,서울,2024-03-22
U0672,남,48,40대,45~49,사무/기술직,광주,2023-10-23
U0797,남,54,50대,50~54,경영/관리직,경기,2024-08-10
U1801,여,52,50대,50~54,대학생,경북,2024-10-18
U0234,남,34,30대,30~34,사무/기술직,강원,2024-11-24
U1687,여,49,40대,45~49,기타,전북,2023-03-04
U0490,남,40,40대,40~44,기타,대구,2024-11-05
U1268,여,33,30대,30~34,자영업,전북,2023-06-30
U0499,남,40,40대,40~44,자영업,경기,2023-01-26
U0455,남,40,40대,40~44,전업주부,경북,2023-02-15
U0095,남,27,20대,25~29,판매/영업,충북,2023-07-28
U0385,남,39,30대,35~39,대학생,울산,2023-08-04
U1422,여,38,30대,35~39,사무/기술직,인천,2024-01-05
U1973,여,55,50대,55~59,기능/작업직,서울,2024-11-27
U0918,남,57,50대,55~59,사무/기술직,서울,2023-10-13
U0689,남,48,40대,45~49,사무/기술직,서울,2023-10-31
U1283,여,33,30대,30~34,기능/작업직,서울,2024-07-14
U0467,남,40,40대,40~44,자영업,충북,2023-01-17
U0346,남,36,30대,35~39,전업주부,대구,2024-08-22
U0116,남,28,20대,25~29,사무/기술직,경기,2024-04-09
U0519,남,43,40대,40~44,판매/영업,경기,2023-04-11
U0533,남,42,40대,40~44,사무/기술직,서울,2023-06-27
U1625,여,47,40대,45~49,판매/영업,서울,2023-11-15
U1805,여,52,50대,50~54,사무/기술직,충북,2023-02-16
U1217,여,25,20대,25~29,사무/기술직,대전,2024-03-01
U1601,여,46,40대,45~49,전업주부,서울,2024-05-21
U0351,남,35,30대,35~39,자영업,서울,2023-01-24
U0983,남,56,50대,55~59,자유/전문직,경기,2023-10-26
U0412,남,37,30대,35~39,자유/전문직,인천,2024-02-01
U0494,남,43,40대,40~44,사무/기술직,충남,2023-11-12
U0291,남,34,30대,30~34,자유/전문직,대전,2024-06-01
U1971,여,55,50대,55~59,사무/기술직,대구,2024-09-21
U1275,여,32,30대,30~34,경영/관리직,경기,2023-09-26
U1662,여,46,40대,45~49,기능/작업직,대전,2024-09-04
U0673,남,47,40대,45~49,경영/관리직,서울,2023-01-09
U0746,남,52,50대,50~54,사무/기술직,경기,2024-08-19
U1819,여,50,50대,50~54,전업주부,경기,2023-02-08
U0352,남,39,30대,35~39,기능/작업직,대구,2024-01-25
U0811,남,51,50대,50~54,사무/기술직,경기,2023-03-04
U0140,남,28,20대,25~29,사무/기술직,전북,2023-07-20
U1633,여,46,40대,45~49,대학생,경북,2023-09-25
U1285,여,30,30대,30~34,전업주부,부산,2023-06-19
U0762,남,50,50대,50~54,자유/전문직,광주,2024-03-05
U0207,남,27,20대,25~29,사무/기술직,광주,2023-05-07
U0660,남,46,40대,45~49,사무/기술직,경기,2024-03-07
U1327,여,30,30대,30~34,사무/기술직,인천,2023-12-28
U1457,여,40,40대,40~44,사무/기술직,울산,2024-08-05
U1006,남,55,50대,55~59,경영/관리직,경기,2024-07-29
U1553,여,42,40대,40~44,사무/기술직,대전,2023-02-17
U1634,여,49,40대,45~49,사무/기술직,강원,2024-01-02
U1491,여,43,40대,40~44,자유/전문직,서울,2024-02-27
U0583,남,42,40대,40~44,기능/작업직,전북,2023-10-29
U0353,남,39,30대,35~39,판매/영업,경북,2023-10-10
U1857,여,59,50대,55~59,사무/기술직,서울,2024-02-11
U1701,여,49,40대,45~49,자유/전문직,경기,2023-11-14
U0619,남,45,40대,45~49,사무/기술직,서울,2023-04-20
U1352,여,37,30대,35~39,사무/기술직,경기,2024-11-12
U0481,남,41,40대,40~44,자유/전문직,경기,2024-04-21
U0224,남,32,30대,30~34,전업주부,대전,2024-12-02
U0501,남,40,40대,40~44,무직,경북,2024-07-21
U1461,여,43,40대,40~44,판매/영업,경기,2024-07-20
U1567,여,42,40대,40~44,사무/기술직,경남,2023-01-29
U0708,남,48,40대,45~49,자영업,서울,2023-04-02
U1500,여,42,40대,40~44,전업주부,경기,2023-03-11
U1883,여,56,50대,55~59,기능/작업직,경기,2023-11-02
U1054,여,21,20대,20~24,사무/기술직,충북,2023-09-21
U1462,여,40,40대,40~44,사무/기술직,울산,2024-07-27
U1342,여,39,30대,35~39,전업주부,인천,2023-02-17
U0062,남,22,20대,20~24,대학생,경기,2024-10-24
U0722,남,51,50대,50~54,자유/전문직,대구,2024-10-16
U1443,여,40,40대,40~44,자영업,전북,2023-12-19
U1393,여,38,30대,35~39,기능/작업직,충북,2023-07-05
U0012,남,24,20대,20~24,판매/영업,충남,2023-08-23
U1949,여,57,50대,55~59,기능/작업직,경기,2023-10-15
U1180,여,26,20대,25~29,대학생,경기,2023-09-30
U0285,남,34,30대,30~34,사무/기술직,경기,2024-05-30
U0931,남,56,50대,55~59,대학생,경기,2023-03-21
U0133,남,29,20대,25~29,사무/기술직,대구,2023-06-19
U0840,남,54,50대,50~54,경영/관리직,충북,2024-05-22
U0268,남,34,30대,30~34,자유/전문직,서울,2024-11-28
U1733,여,50,50대,50~54,판매/영업,충남,2024-06-07
U0664,남,49,40대,45~49,사무/기술직,서울,2023-01-30
U0117,남,27,20대,25~29,판매/영업,충남,2023-04-19
U0714,남,49,40대,45~49,자영업,경기,2024-08-30
U1599,여,45,40대,45~49,사무/기술직,경기,2023-01-03
U0040,남,24,20대,20~24,전업주부,경기,2023-02-06
U0259,남,34,30대,30~34,사무/기술직,울산,2023-08-25
U1447,여,42,40대,40~44,사무/기술직,서울,2024-06-30
U1719,여,54,50대,50~54,기타,서울,2024-07-25
U1925,여,57,50대,55~59,자유/전문직,경기,2024-03-07
U0582,남,42,40대,40~44,자유/전문직,서울,2023-09-09
U0874,남,57,50대,55~59,사무/기술직,경기,2024-07-04
U1383,여,35,30대,35~39,기타,충북,2024-11-30
U1318,여,32,30대,30~34,자유/전문직,서울,2023-01-23
U1046,여,20,20대,20~24,경영/관리직,부산,2023-12-31
U0980,남,57,50대,55~59,사무/기술직,경남,2023-02-15
U1450,여,42,40대,40~44,자유/전문직,전북,2024-09-10
U0420,남,39,30대,35~39,자영업,광주,2023-06-15
U1522,여,44,40대,40~44,기타,경남,2023-08-22
U0581,남,40,40대,40~44,자유/전문직,전북,2023-05-06
U1523,여,44,40대,40~44,무직,서울,2023-06-14
U0734,남,50,50대,50~54,기능/작업직,경기,2023-08-29
U0123,남,29,20대,25~29,자영업,인천,2024-05-27
U0907,남,57,50대,55~59,기능/작업직,경기,2023-04-13
U0867,남,51,50대,50~54,경영/관리직,대구,2024-05-14
U0976,남,57,50대,55~59,무직,경기,2023-09-20
U0572,남,44,40대,40~44,자유/전문직,충남,2024-10-26
U1273,여,32,30대,30~34,대학생,서울,2024-10-06
U0699,남,48,40대,45~49,사무/기술직,경기,2023-12-09
U1044,여,22,20대,20~24,자영업,경기,2024-08-06
U1303,여,30,30대,30~34,경영/관리직,경기,2024-09-13
U0253,남,32,30대,30~34,기타,서울,2024-03-05
U0739,남,54,50대,50~54,사무/기술직,인천,2024-10-26
U1506,여,44,40대,40~44,사무/기술직,서울,2023-09-03
U0085,남,23,20대,20~24,자유/전문직,경북,2023-12-05
U0294,남,31,30대,30~34,무직,서울,2023-05-25
U1086,여,23,20대,20~24,기능/작업직,서울,2023-11-12
U1713,여,54,50대,50~54,사무/기술직,경기,2023-10-02
U1199,여,25,20대,25~29,전업주부,대전,2023-11-08
U0435,남,36,30대,35~39,판매/영업,충남,2023-01-25
U0998,남,57,50대,55~59,판매/영업,광주,2023-01-16
U0381,남,39,30대,35~39,사무/기술직,경기,2024-03-14
U0076,남,21,20대,20~24,대학생,경기,2023-06-25
U0367,남,38,30대,35~39,자영업,경북,2023-03-30
U0370,남,38,30대,35~39,사무/기술직,대전,2024-11-09
U0846,남,52,50대,50~54,전업주부,서울,2024-03-13
U1812,여,52,50대,50~54,전업주부,강원,2024-05-18
U0795,남,50,50대,50~54,기능/작업직,경북,2023-08-01
U1036,여,21,20대,20~24,기타,전북,2024-11-05
U0139,남,25,20대,25~29,대학생,충남,2023-10-26
U0568,남,41,40대,40~44,판매/영업,경기,2024-02-12
U1740,여,54,50대,50~54,사무/기술직,서울,2023-02-23
U0554,남,43,40대,40~44,자유/전문직,서울,2024-02-19
U1198,여,29,20대,25~29,무직,광주,2023-12-18
U0086,남,21,20대,20~24,사무/기술직,경기,2023-03-05
U1295,여,34,30대,30~34,자영업,경기,2024-09-03
U1137,여,27,20대,25~29,대학생,서울,2024-07-24
U0872,남,53,50대,50~54,자영업,대구,2024-06-22
U0666,남,45,40대,45~49,사무/기술직,경남,2023-08-16
U0864,남,53,50대,50~54,사무/기술직,경기,2023-08-17
U1941,여,57,50대,55~59,대학생,서울,2024-09-10
U1561,여,40,40대,40~44,사무/기술직,경기,2023-07-15
U0083,남,23,20대,20~24,사무/기술직,대구,2023-02-07
U0645,남,47,40대,45~49,사무/기술직,서울,2023-03-27
U1755,여,54,50대,50~54,사무/기술직,울산,2024-05-02
U1065,여,20,20대,20~24,대학생,충남,2023-12-16
U0360,남,35,30대,35~39,전업주부,서울,2024-11-27
U0431,남,39,30대,35~39,대학생,충북,2024-09-08
U0482,남,40,40대,40~44,기타,경북,2023-11-14
U1378,여,36,30대,35~39,사무/기술직,서울,2024-09-12
U1473,여,42,40대,40~44,사무/기술직,경기,2023-12-20
U0529,남,43,40대,40~44,기타,제주,2023-12-02
U1013,남,55,50대,55~59,사무/기술직,부산,2024-11-26
U0941,남,55,50대,55~59,사무/기술직,서울,2024-04-24
U0876,남,55,50대,55~59,기타,경남,2024-05-24
U0126,남,26,20대,25~29,전업주부,서울,2023-12-10
U1729,여,50,50대,50~54,사무/기술직,서울,2023-07-25
U1236,여,31,30대,30~34,전업주부,서울,2023-01-06
U1592,여,45,40대,45~49,자유/전문직,경기,2024-10-23
U1106,여,23,20대,20~24,전업주부,인천,2023-08-27
U0266,남,32,30대,30~34,전업주부,전남,2023-03-28
U1102,여,20,20대,20~24,대학생,서울,2023-01-13
U0010,남,23,20대,20~24,자유/전문직,충남,2024-05-16
U1982,여,56,50대,55~59,사무/기술직,서울,2024-01-24
U0106,남,27,20대,25~29,사무/기술직,제주,2023-06-22
U0930,남,57,50대,55~59,기능/작업직,서울,2024-03-10
U1864,여,59,50대,55~59,자유/전문직,대구,2024-07-30
U0041,남,22,20대,20~24,경영/관리직,대구,2024-02-28
U0838,남,52,50대,50~54,사무/기술직,대전,2023-07-04
U1874,여,55,50대,55~59,전업주부,경기,2024-11-25
U1539,여,42,40대,40~44,사무/기술직,서울,2023-08-23
U0683,남,45,40대,45~49,전업주부,서울,2024-03-09
U1063,여,20,20대,20~24,판매/영업,인천,2023-08-08
U0911,남,56,50대,55~59,자영업,경북,2023-04-30
U1900,여,57,50대,55~59,사무/기술직,광주,2023-02-13
U0528,남,41,40대,40~44,대학생,경기,2024-01-16
U0445,남,38,30대,35~39,경영/관리직,충북,2024-09-15
U1891,여,55,50대,55~59,사무/기술직,서울,2024-06-11
U1144,여,28,20대,25~29,자유/전문직,대전,2023-01-28
U0315,남,31,30대,30~34,사무/기술직,경남,2023-12-31
U1026,남,58,50대,55~59,대학생,대구,2023-03-28
U1289,여,30,30대,30~34,사무/기술직,충남,2024-08-24
U0327,남,34,30대,30~34,사무/기술직,충북,2023-04-19
U0690,남,49,40대,45~49,자유/전문직,경기,2024-03-06
U1260,여,32,30대,30~34,기능/작업직,서울,2024-09-01
U0717,남,48,40대,45~49,자영업,서울,2023-11-03
U0637,남,49,40대,45~49,전업주부,경남,2023-12-15
U0793,남,52,50대,50~54,자영업,서울,2023-03-08
U1158,여,26,20대,25~29,사무/기술직,서울,2023-05-08
U0929,남,58,50대,55~59,판매/영업,서울,2023-07-16
U0830,남,50,50대,50~54,사무/기술직,경남,2023-08-25
U0902,남,57,50대,55~59,사무/기술직,서울,2024-05-15
U1130,여,27,20대,25~29,사무/기술직,광주,2024-06-17
U1950,여,55,50대,55~59,사무/기술직,전북,2024-08-17
U1955,여,57,50대,55~59,자유/전문직,경기,2023-08-30
U0034,남,20,20대,20~24,자유/전문직,경기,2024-11-22
U0244,남,30,30대,30~34,사무/기술직,경기,2023-10-15
U0120,남,27,20대,25~29,자유/전문직,전북,2024-03-25
U0536,남,44,40대,40~44,사무/기술직,대전,2024-09-03
U0633,남,45,40대,45~49,대학생,서울,2023-09-26
U1081,여,22,20대,20~24,사무/기술직,부산,2024-05-23
U1944,여,56,50대,55~59,판매/영업,경남,2023-08-26
U1753,여,51,50대,50~54,경영/관리직,전남,2024-01-10
U0149,남,25,20대,25~29,사무/기술직,서울,2024-04-16
U1042,여,23,20대,20~24,기타,서울,2023-01-21
U0567,남,44,40대,40~44,사무/기술직,서울,2023-12-09
U0021,남,20,20대,20~24,사무/기술직,경기,2024-09-10
U0450,남,36,30대,35~39,자유/전문직,경기,2023-01-08
U1642,여,49,40대,45~49,경영/관리직,경남,2024-06-20
U2000,여,57,50대,55~59,기능/작업직,서울,2024-06-16
U0493,남,41,40대,40~44,사무/기술직,인천,2023-06-27
U0749,남,51,50대,50~54,자유/전문직,제주,2024-10-17
U0921,남,58,50대,55~59,경영/관리직,경기,2023-10-12
U1732,여,52,50대,50~54,기타,경기,2023-03-26
U1099,여,20,20대,20~24,농업,서울,2023-05-24
U0624,남,49,40대,45~49,판매/영업,서울,2023-04-24
U1515,여,41,40대,40~44,경영/관리직,부산,2024-09-19
U0726,남,50,50대,50~54,전업주부,전북,2024-01-26
U1483,여,40,40대,40~44,경영/관리직,대구,2024-08-08
U1369,여,37,30대,35~39,사무/기술직,서울,2023-12-23
U0925,남,59,50대,55~59,기타,서울,2024-08-09
U0910,남,57,50대,55~59,사무/기술직,서울,2023-11-24
U1214,여,29,20대,25~29,자유/전문직,광주,2024-03-20
U0245,남,33,30대,30~34,무직,경북,2023-06-26
U0894,남,56,50대,55~59,기타,부산,2024-09-19
U1844,여,54,50대,50~54,자유/전문직,서울,2024-06-03
U0300,남,34,30대,30~34,무직,부산,2024-03-27
U0696,남,48,40대,45~49,기타,충북,2024-09-05
U0135,남,27,20대,25~29,경영/관리직,경남,2024-07-11
U1508,여,40,40대,40~44,사무/기술직,인천,2023-12-13
U1547,여,43,40대,40~44,경영/관리직,충북,2023-07-09
U0937,남,57,50대,55~59,사무/기술직,대전,2023-02-14
U0254,남,31,30대,30~34,사무/기술직,경기,2023-06-18
U0316,남,30,30대,30~34,대학생,강원,2024-08-30
U1673,여,49,40대,45~49,자유/전문직,서울,2023-12-26
U0687,남,46,40대,45~49,대학생,경기,2023-08-16
U0488,남,41,40대,40~44,무직,서울,2024-03-10
U1485,여,42,40대,40~44,대학생,경남,2023-03-03
U1082,여,24,20대,20~24,사무/기술직,충북,2023-12-18
U0643,남,48,40대,45~49,사무/기술직,경기,2023-12-16
U1345,여,35,30대,35~39,자유/전문직,부산,2024-03-23
U0290,남,31,30대,30~34,판매/영업,경기,2024-08-03
U1192,여,27,20대,25~29,전업주부,대구,2024-03-23
U1607,여,46,40대,45~49,사무/기술직,경북,2024-04-09
U1472,여,43,40대,40~44,무직,서울,2023-05-21
U1640,여,45,40대,45~49,사무/기술직,서울,2023-04-30
U1717,여,53,50대,50~54,판매/영업,부산,2024-11-25
U1264,여,34,30대,30~34,대학생,서울,2024-11-06
U0255,남,34,30대,30~34,대학생,경기,2023-11-01
U0079,남,22,20대,20~24,사무/기술직,서울,2024-07-03
U0468,남,41,40대,40~44,전업주부,경기,2023-10-05
U0603,남,46,40대,45~49,전업주부,경기,2024-10-16
U0866,남,50,50대,50~54,사무/기술직,대구,2023-06-28
U1865,여,59,50대,55~59,자영업,인천,2024-11-04
U0987,남,55,50대,55~59,기능/작업직,서울,2023-02-21
U0107,남,27,20대,25~29,사무/기술직,경남,2023-03-28
U0401,남,36,30대,35~39,경영/관리직,경기,2024-03-13
U1924,여,56,50대,55~59,기능/작업직,경기,2024-07-21
U1482,여,42,40대,40~44,판매/영업,서울,2023-05-13
U1783,여,51,50대,50~54,자영업,서울,2023-01-27
U0720,남,49,40대,45~49,자유/전문직,경기,2024-02-29
U1478,여,41,40대,40~44,사무/기술직,경기,2024-06-08
U1340,여,38,30대,35~39,사무/기술직,경기,2024-10-20
U0688,남,47,40대,45~49,자유/전문직,대구,2023-12-29
U0540,남,41,40대,40~44,사무/기술직,경기,2024-02-01
U0826,남,53,50대,50~54,기능/작업직,부산,2024-08-20
U0886,남,59,50대,55~59,판매/영업,경기,2024-10-14
U1361,여,36,30대,35~39,전업주부,대구,2024-06-08
U1856,여,57,50대,55~59,자영업,대전,2024-08-04
U0293,남,31,30대,30~34,전업주부,부산,2024-08-26
U1556,여,40,40대,40~44,무직,울산,2023-05-14
U0837,남,51,50대,50~54,사무/기술직,충북,2024-04-16
U1685,여,48,40대,45~49,자유/전문직,경기,2023-06-16
U0261,남,30,30대,30~34,전업주부,충남,2023-01-15
U0128,남,29,20대,25~29,자유/전문직,대구,2024-01-11
U1360,여,39,30대,35~39,자유/전문직,경기,2023-12-08
U0820,남,53,50대,50~54,자유/전문직,서울,2023-09-27
U1565,여,40,40대,40~44,사무/기술직,경기,2023-10-01
U1754,여,53,50대,50~54,자영업,경기,2024-10-16
U1380,여,38,30대,35~39,전업주부,대구,2024-01-09
U1577,여,45,40대,45~49,사무/기술직,경북,2024-11-15
U0763,남,52,50대,50~54,사무/기술직,충남,2024-08-11
U1881,여,57,50대,55~59,기능/작업직,경기,2023-08-18
U0933,남,56,50대,55~59,사무/기술직,경남,2023-05-05
U1182,여,29,20대,25~29,기타,대구,2023-02-18
U1408,여,39,30대,35~39,자유/전문직,서울,2024-08-27
U0626,남,48,40대,45~49,사무/기술직,서울,2023-11-18
U0155,남,25,20대,25~29,자영업,서울,2024-01-12
U1109,여,25,20대,25~29,사무/기술직,서울,2024-07-18
U1404,여,36,30대,35~39,전업주부,경남,2024-11-15
U1341,여,37,30대,35~39,전업주부,부산,2023-11-02
U0684,남,45,40대,45~49,전업주부,경기,2024-11-28
U0785,남,50,50대,50~54,사무/기술직,경기,2024-07-16
U0962,남,56,50대,55~59,무직,경기,2024-07-28
U1277,여,30,30대,30~34,자유/전문직,울산,2024-06-30
U1138,여,27,20대,25~29,기타,대구,2023-06-18
U0437,남,37,30대,35~39,대학생,경기,2023-12-29
U0523,남,43,40대,40~44,대학생,경기,2024-02-19
U0017,남,24,20대,20~24,판매/영업,경기,2024-09-24
U1839,여,54,50대,50~54,사무/기술직,경북,2023-01-22
U1975,여,58,50대,55~59,판매/영업,광주,2024-01-09
U0654,남,46,40대,45~49,대학생,서울,2023-10-04
U1593,여,45,40대,45~49,사무/기술직,대구,2023-03-21
U0032,남,22,20대,20~24,전업주부,서울,2023-02-11
U0296,남,32,30대,30~34,경영/관리직,강원,2024-05-25
U0895,남,59,50대,55~59,기능/작업직,서울,2023-02-20
U0857,남,52,50대,50~54,사무/기술직,인천,2024-04-21
U0318,남,34,30대,30~34,무직,부산,2024-05-01
U1364,여,37,30대,35~39,대학생,경기,2024-03-20
U0522,남,44,40대,40~44,기타,서울,2024-05-19
U0546,남,41,40대,40~44,자유/전문직,서울,2023-11-16
U0131,남,25,20대,25~29,자유/전문직,경기,2024-07-19
U1426,여,35,30대,35~39,자영업,경기,2024-06-08
U0108,남,27,20대,25~29,사무/기술직,경기,2024-02-21
U1939,여,59,50대,55~59,기능/작업직,대구,2024-05-08
U1529,여,42,40대,40~44,판매/영업,대전,2023-06-17
U0526,남,42,40대,40~44,판매/영업,경북,2023-04-22
U1190,여,27,20대,25~29,사무/기술직,울산,2024-01-04
U1618,여,45,40대,45~49,사무/기술직,서울,2024-09-26
U0006,남,21,20대,20~24,판매/영업,전남,2023-06-13
U1919,여,57,50대,55~59,자영업,경남,2023-03-25
U1166,여,29,20대,25~29,전업주부,충북,2023-06-19
U0194,남,29,20대,25~29,전업주부,부산,2024-04-04
U1583,여,48,40대,45~49,자유/전문직,울산,2023-02-25
U0508,남,44,40대,40~44,판매/영업,부산,2024-03-01
U0072,남,22,20대,20~24,전업주부,경기,2024-07-25
U0033,남,20,20대,20~24,사무/기술직,경남,2023-07-31
U1922,여,55,50대,55~59,기능/작업직,인천,2023-10-06
U0225,남,30,30대,30~34,사무/기술직,서울,2023-10-20
U1770,여,53,50대,50~54,자유/전문직,경기,2024-08-21
U0148,남,25,20대,25~29,사무/기술직,인천,2024-02-05
U0221,남,33,30대,30~34,사무/기술직,경북,2023-02-26
U1627,여,48,40대,45~49,기능/작업직,서울,2023-01-29
U1615,여,45,40대,45~49,대학생,광주,2023-08-05
U0695,남,49,40대,45~49,대학생,경기,2024-09-17
U1797,여,52,50대,50~54,경영/관리직,경북,2024-08-01
U0158,남,27,20대,25~29,자영업,경기,2024-04-16
U0700,남,47,40대,45~49,사무/기술직,경기,2023-02-19
U0981,남,59,50대,55~59,자유/전문직,경기,2024-11-05
U1344,여,37,30대,35~39,대학생,부산,2023-06-02
U1638,여,49,40대,45~49,경영/관리직,대구,2023-04-06
U0979,남,57,50대,55~59,사무/기술직,서울,2024-07-01
U0640,남,45,40대,45~49,판매/영업,경기,2023-09-18
U0994,남,57,50대,55~59,사무/기술직,서울,2023-11-05
U1365,여,35,30대,35~39,사무/기술직,서울,2024-10-24
U0311,남,30,30대,30~34,사무/기술직,경기,2023-11-26
U1796,여,54,50대,50~54,기타,서울,2023-10-31
U0374,남,35,30대,35~39,판매/영업,전남,2024-03-12
U1947,여,57,50대,55~59,사무/기술직,경남,2023-02-11
U0477,남,41,40대,40~44,사무/기술직,경남,2023-04-28
U0449,남,37,30대,35~39,사무/기술직,부산,2023-06-29
U1133,여,26,20대,25~29,자영업,충북,2023-03-12
U1334,여,31,30대,30~34,기타,경남,2024-11-20
U0456,남,40,40대,40~44,사무/기술직,서울,2023-04-27
U0016,남,23,20대,20~24,기타,경북,2024-06-19
U0804,남,52,50대,50~54,자유/전문직,경기,2024-02-13
U0138,남,27,20대,25~29,자유/전문직,경기,2024-04-09
U1678,여,46,40대,45~49,사무/기술직,부산,2023-04-09
U1011,남,55,50대,55~59,자유/전문직,서울,2023-12-17
U0393,남,37,30대,35~39,기능/작업직,대구,2024-05-03
U1439,여,38,30대,35~39,기능/작업직,서울,2023-01-02
U1938,여,57,50대,55~59,자유/전문직,서울,2024-06-05
U0074,남,20,20대,20~24,사무/기술직,전북,2023-08-14
U1680,여,45,40대,45~49,사무/기술직,서울,2024-10-21
U1699,여,49,40대,45~49,전업주부,인천,2023-06-02
U0589,남,48,40대,45~49,사무/기술직,경기,2024-04-27
U1252,여,30,30대,30~34,자유/전문직,충남,2024-05-02
U1653,여,47,40대,45~49,대학생,경기,2023-05-06
U0308,남,31,30대,30~34,대학생,서울,2024-07-08
U0461,남,41,40대,40~44,자영업,경기,2024-04-14
U0507,남,40,40대,40~44,사무/기술직,전남,2024-10-05
U0063,남,23,20대,20~24,판매/영업,경기,2023-11-26
U0383,남,35,30대,35~39,사무/기술직,서울,2023-08-20
U1617,여,49,40대,45~49,사무/기술직,서울,2024-11-21
U1066,여,23,20대,20~24,무직,경기,2024-06-06
U1160,여,29,20대,25~29,기능/작업직,경기,2023-10-19
U0055,남,20,20대,20~24,대학생,서울,2023-07-06
U0504,남,42,40대,40~44,자유/전문직,인천,2023-06-11
U1825,여,53,50대,50~54,사무/기술직,경기,2023-03-15
U1952,여,57,50대,55~59,사무/기술직,대구,2024-03-29
U1062,여,21,20대,20~24,사무/기술직,경기,2024-10-30
U0928,남,59,50대,55~59,자유/전문직,서울,2023-04-14
U0737,남,52,50대,50~54,기타,서울,2023-10-20
U1543,여,44,40대,40~44,사무/기술직,서울,2023-12-06
U1302,여,30,30대,30~34,경영/관리직,부산,2023-06-22
U1960,여,57,50대,55~59,대학생,경남,2024-08-06
U1923,여,56,50대,55~59,자유/전문직,경기,2023-07-09
U1155,여,29,20대,25~29,사무/기술직,서울,2023-01-17
U1016,남,58,50대,55~59,사무/기술직,서울,2024-03-09
U0564,남,40,40대,40~44,자유/전문직,부산,2024-02-18
U1371,여,39,30대,35~39,무직,서울,2023-12-09
U0646,남,48,40대,45~49,무직,서울,2024-06-25
U1094,여,22,20대,20~24,전업주부,경기,2024-02-26
U1335,여,31,30대,30~34,사무/기술직,경기,2023-06-27
U1015,남,59,50대,55~59,대학생,충남,2023-06-05
U0984,남,58,50대,55~59,자영업,대전,2023-02-05
U1886,여,55,50대,55~59,경영/관리직,대구,2023-08-17
U1694,여,47,40대,45~49,판매/영업,전남,2024-05-15
U0337,남,34,30대,30~34,자유/전문직,경기,2024-08-08
U0018,남,22,20대,20~24,사무/기술직,경기,2023-09-25
U1972,여,56,50대,55~59,자영업,경북,2024-06-19
U0842,남,54,50대,50~54,경영/관리직,강원,2023-02-04
U1221,여,31,30대,30~34,사무/기술직,경기,2023-04-18
U1566,여,40,40대,40~44,사무/기술직,부산,2023-10-29
U1019,남,55,50대,55~59,전업주부,강원,2024-04-16
U1629,여,49,40대,45~49,전업주부,대구,2023-02-10
U0396,남,37,30대,35~39,판매/영업,인천,2023-08-06
U1785,여,50,50대,50~54,자유/전문직,대구,2024-02-08
U0713,남,45,40대,45~49,경영/관리직,서울,2024-02-05
U1220,여,31,30대,30~34,자유/전문직,서울,2024-04-28
U0566,남,41,40대,40~44,기능/작업직,경북,2024-06-29
U0444,남,36,30대,35~39,자유/전문직,전북,2024-08-17
U1091,여,22,20대,20~24,기타,대구,2023-09-13
U0985,남,56,50대,55~59,대학생,강원,2024-01-23
U0036,남,24,20대,20~24,사무/기술직,제주,2023-08-09
U1937,여,58,50대,55~59,사무/기술직,부산,2024-07-21
U1162,여,28,20대,25~29,무직,대구,2023-07-08
U0707,남,49,40대,45~49,대학생,충북,2023-04-18
U1084,여,22,20대,20~24,농업,부산,2024-11-22
U0516,남,41,40대,40~44,자영업,경기,2023-08-26
U1514,여,41,40대,40~44,사무/기술직,전북,2023-04-04
U1746,여,51,50대,50~54,사무/기술직,대전,2023-01-24
U1135,여,25,20대,25~29,경영/관리직,서울,2024-11-25
U1959,여,55,50대,55~59,경영/관리직,서울,2023-12-10
U1555,여,44,40대,40~44,사무/기술직,서울,2023-06-08
U1780,여,52,50대,50~54,기타,서울,2023-06-15
U1115,여,25,20대,25~29,사무/기술직,경기,2023-01-24
U1956,여,58,50대,55~59,자영업,서울,2024-08-14
U0951,남,56,50대,55~59,자유/전문직,경기,2024-09-18
U0415,남,39,30대,35~39,자유/전문직,서울,2024-02-13
U0391,남,39,30대,35~39,판매/영업,경기,2024-02-24
U1520,여,40,40대,40~44,기능/작업직,광주,2024-02-29
U0936,남,59,50대,55~59,대학원생,광주,2024-03-27
U0282,남,34,30대,30~34,자유/전문직,세종,2024-07-22
U0869,남,53,50대,50~54,자영업,전북,2024-10-29
U1293,여,32,30대,30~34,기타,강원,2024-09-14
U0372,남,36,30대,35~39,사무/기술직,경기,2023-06-30
U0219,남,34,30대,30~34,전업주부,서울,2023-11-30
U0209,남,32,30대,30~34,사무/기술직,서울,2023-07-09
U1533,여,41,40대,40~44,사무/기술직,경기,2023-11-03
U1194,여,29,20대,25~29,대학생,서울,2023-07-01
U0243,남,32,30대,30~34,자영업,경기,2024-11-12
U0489,남,44,40대,40~44,사무/기술직,부산,2024-11-15
U0716,남,48,40대,45~49,경영/관리직,광주,2024-08-15
U1326,여,34,30대,30~34,자유/전문직,경기,2024-01-11
U1010,남,55,50대,55~59,판매/영업,서울,2024-08-21
U1337,여,39,30대,35~39,판매/영업,서울,2024-06-13
U1216,여,28,20대,25~29,사무/기술직,충남,2024-05-11
U1108,여,24,20대,20~24,사무/기술직,전남,2023-10-04
U1897,여,56,50대,55~59,판매/영업,경기,2024-03-04
U0738,남,51,50대,50~54,판매/영업,충북,2024-02-29
U1563,여,40,40대,40~44,사무/기술직,부산,2023-02-15
U0622,남,48,40대,45~49,무직,경기,2023-12-16
U0693,남,48,40대,45~49,전업주부,서울,2024-07-28
U0534,남,41,40대,40~44,전업주부,경기,2023-07-26
U1571,여,48,40대,45~49,사무/기술직,인천,2023-10-28
U0570,남,43,40대,40~44,경영/관리직,서울,2023-09-05
U0330,남,31,30대,30~34,경영/관리직,전남,2023-08-03
U1466,여,41,40대,40~44,자영업,경기,2024-05-06
U0192,남,25,20대,25~29,대학생,대구,2024-08-17
U1976,여,59,50대,55~59,사무/기술직,경기,2023-01-20
U1927,여,58,50대,55~59,대학생,대전,2023-08-08
U1208,여,26,20대,25~29,자유/전문직,울산,2023-12-14
U1489,여,42,40대,40~44,사무/기술직,경남,2023-05-01
U1022,남,56,50대,55~59,전업주부,부산,2023-06-11
U1213,여,25,20대,25~29,자영업,서울,2024-06-09
U1244,여,31,30대,30~34,전업주부,세종,2024-01-05
U0118,남,28,20대,25~29,기타,서울,2023-08-20
U1907,여,56,50대,55~59,전업주부,경기,2024-08-25
U1803,여,50,50대,50~54,자유/전문직,서울,2024-11-16
U0276,남,31,30대,30~34,사무/기술직,경기,2024-11-09
U0745,남,54,50대,50~54,대학생,경기,2024-11-12
U0448,남,37,30대,35~39,기타,경기,2024-09-02
U0222,남,31,30대,30~34,전업주부,서울,2024-04-16
U0339,남,38,30대,35~39,무직,서울,2024-08-05
U0333,남,33,30대,30~34,대학생,서울,2024-05-27
U0550,남,41,40대,40~44,전업주부,대구,2024-06-24
U0304,남,34,30대,30~34,대학원생,대전,2024-03-11
U1589,여,49,40대,45~49,전업주부,인천,2024-11-17
U0185,남,25,20대,25~29,사무/기술직,전북,2023-10-07
U1946,여,58,50대,55~59,사무/기술직,충남,2024-01-04
U0328,남,32,30대,30~34,자유/전문직,경기,2024-04-23
U0784,남,51,50대,50~54,자유/전문직,경기,2023-01-02
U1438,여,35,30대,35~39,사무/기술직,대전,2024-04-09
U1989,여,57,50대,55~59,기능/작업직,서울,2024-06-16
U0390,남,35,30대,35~39,사무/기술직,경기,2024-01-01
U1181,여,29,20대,25~29,사무/기술직,경기,2024-11-13
U1798,여,51,50대,50~54,무직,서울,2023-05-30
U0317,남,34,30대,30~34,자영업,경기,2023-06-30
U0682,남,48,40대,45~49,자영업,서울,2024-07-02
U0473,남,40,40대,40~44,무직,서울,2023-09-24
U0728,남,53,50대,50~54,사무/기술직,강원,2024-10-10
U0280,남,31,30대,30~34,기능/작업직,경기,2024-06-21
U1074,여,23,20대,20~24,판매/영업,인천,2024-03-19
U1714,여,52,50대,50~54,전업주부,경기,2024-02-08
U1696,여,49,40대,45~49,대학생,울산,2023-09-10
U0609,남,47,40대,45~49,자유/전문직,대구,2024-10-09
U1643,여,45,40대,45~49,대학생,부산,2023-06-18
U0474,남,42,40대,40~44,사무/기술직,충북,2024-09-03
U1784,여,51,50대,50~54,기능/작업직,경기,2024-02-25
U1031,여,23,20대,20~24,사무/기술직,부산,2024-07-20
U0035,남,21,20대,20~24,기타,부산,2023-08-13
U1704,여,54,50대,50~54,기타,경기,2023-04-14
U1195,여,29,20대,25~29,사무/기술직,경북,2024-03-03
U1807,여,52,50대,50~54,무직,서울,2024-07-04
U0510,남,41,40대,40~44,판매/영업,경기,2023-02-06
U0439,남,37,30대,35~39,대학원생,경기,2024-02-06
U1227,여,33,30대,30~34,무직,대전,2023-09-24
U1373,여,38,30대,35~39,사무/기술직,경기,2023-06-01
U1088,여,22,20대,20~24,전업주부,경북,2023-12-15
U0729,남,50,50대,50~54,사무/기술직,서울,2023-06-18
U1078,여,21,20대,20~24,대학생,충북,2024-06-07
U0783,남,51,50대,50~54,사무/기술직,경남,2023-03-08
U0462,남,43,40대,40~44,전업주부,광주,2023-02-08
U0569,남,44,40대,40~44,전업주부,부산,2023-02-09
U1312,여,32,30대,30~34,사무/기술직,서울,2024-07-03
U1357,여,35,30대,35~39,사무/기술직,서울,2023-07-21
U1876,여,55,50대,55~59,자유/전문직,부산,2023-05-09
U0211,남,30,30대,30~34,사무/기술직,서울,2024-06-22
U0292,남,34,30대,30~34,전업주부,경남,2024-08-26
U1951,여,57,50대,55~59,판매/영업,경기,2024-04-13
U0919,남,56,50대,55~59,사무/기술직,경기,2024-09-29
U0031,남,23,20대,20~24,자유/전문직,부산,2024-06-27
U0794,남,50,50대,50~54,무직,대구,2024-07-02
U0639,남,46,40대,45~49,판매/영업,인천,2024-07-29
U0088,남,22,20대,20~24,자유/전문직,전북,2023-05-24
U0338,남,30,30대,30~34,사무/기술직,충남,2024-06-22
U1936,여,55,50대,55~59,판매/영업,경기,2023-08-20
U0257,남,32,30대,30~34,경영/관리직,대구,2023-10-26
U0770,남,53,50대,50~54,사무/기술직,부산,2023-05-05
U1860,여,57,50대,55~59,사무/기술직,대전,2023-05-01
U0210,남,34,30대,30~34,판매/영업,서울,2024-06-19
U0301,남,34,30대,30~34,사무/기술직,강원,2023-12-24
U0653,남,46,40대,45~49,사무/기술직,경북,2023-07-14
U0761,남,53,50대,50~54,기타,경남,2023-02-06
U0747,남,50,50대,50~54,전업주부,부산,2023-07-09
U1493,여,43,40대,40~44,사무/기술직,경북,2023-11-25
U1004,남,56,50대,55~59,기타,부산,2023-05-27
U1995,여,59,50대,55~59,기타,대구,2024-02-07
U0531,남,43,40대,40~44,자영업,서울,2023-08-21
U1708,여,52,50대,50~54,기타,서울,2024-03-25
U0094,남,25,20대,25~29,기타,경기,2024-05-03
U1988,여,59,50대,55~59,사무/기술직,광주,2024-07-27
U1003,남,56,50대,55~59,기능/작업직,경기,2023-06-22
U1400,여,37,30대,35~39,사무/기술직,부산,2024-10-21
U0132,남,26,20대,25~29,자영업,경기,2023-05-11
U1620,여,49,40대,45~49,무직,제주,2024-10-01
U0377,남,36,30대,35~39,자유/전문직,인천,2023-03-08
U1053,여,23,20대,20~24,사무/기술직,충남,2024-01-03
U1631,여,49,40대,45~49,사무/기술직,서울,2023-09-30
U0636,남,46,40대,45~49,자유/전문직,경기,2024-06-08
U1339,여,35,30대,35~39,자유/전문직,서울,2023-02-15
U1163,여,29,20대,25~29,대학생,충북,2024-02-16
U0557,남,40,40대,40~44,자영업,세종,2024-10-06
U1020,남,59,50대,55~59,자영업,서울,2024-01-19
U1777,여,54,50대,50~54,전업주부,경기,2024-10-24
U1648,여,48,40대,45~49,사무/기술직,서울,2024-11-11
U0750,남,52,50대,50~54,경영/관리직,인천,2023-11-27
U1501,여,42,40대,40~44,기능/작업직,부산,2023-12-21
U1090,여,22,20대,20~24,무직,광주,2023-03-14
U0199,남,26,20대,25~29,판매/영업,대전,2024-09-09
U0347,남,35,30대,35~39,사무/기술직,경기,2024-03-26
U0310,남,30,30대,30~34,사무/기술직,인천,2024-02-08
U1756,여,54,50대,50~54,전업주부,부산,2023-08-14
U1204,여,28,20대,25~29,사무/기술직,인천,2023-10-31
U0525,남,42,40대,40~44,전업주부,광주,2023-04-23
U1761,여,52,50대,50~54,사무/기술직,인천,2023-07-21
U1943,여,55,50대,55~59,사무/기술직,경기,2024-05-24
U1354,여,35,30대,35~39,대학생,경기,2023-01-27
U1402,여,36,30대,35~39,사무/기술직,전남,2023-01-15
U0935,남,58,50대,55~59,기능/작업직,대전,2024-06-02
U1986,여,58,50대,55~59,자유/전문직,경남,2024-08-31
U1823,여,53,50대,50~54,사무/기술직,서울,2023-02-22
U0438,남,38,30대,35~39,기타,전남,2023-06-12
U0825,남,51,50대,50~54,경영/관리직,경기,2024-06-15
U0611,남,46,40대,45~49,대학생,서울,2024-02-03
U1705,여,54,50대,50~54,경영/관리직,서울,2023-08-06
U0051,남,22,20대,20~24,판매/영업,서울,2023-09-16
U1892,여,56,50대,55~59,기타,서울,2024-07-16
U0963,남,58,50대,55~59,사무/기술직,대구,2024-07-27
U0882,남,55,50대,55~59,자유/전문직,경기,2023-05-05
U0878,남,59,50대,55~59,전업주부,인천,2023-02-16
U1284,여,31,30대,30~34,자유/전문직,경남,2024-01-16
U0388,남,39,30대,35~39,사무/기술직,서울,2023-06-17
U1008,남,57,50대,55~59,자유/전문직,경기,2023-12-07
U0298,남,30,30대,30~34,자영업,대구,2023-02-16
U1894,여,56,50대,55~59,대학생,경기,2023-05-01
U0334,남,32,30대,30~34,대학생,경기,2024-08-26
U0871,남,50,50대,50~54,자유/전문직,서울,2023-05-28
U0678,남,47,40대,45~49,사무/기술직,충남,2023-07-23
U1850,여,54,50대,50~54,사무/기술직,경기,2023-01-16
U0413,남,38,30대,35~39,사무/기술직,광주,2023-12-31
U1702,여,50,50대,50~54,대학생,광주,2023-08-28
U1560,여,40,40대,40~44,무직,경기,2024-09-06
U1641,여,47,40대,45~49,사무/기술직,경기,2023-12-21
U0742,남,51,50대,50~54,사무/기술직,서울,2024-10-27
U0563,남,42,40대,40~44,경영/관리직,충남,2024-04-06
U1143,여,25,20대,25~29,자유/전문직,경기,2024-03-14
U0260,남,32,30대,30~34,자유/전문직,대구,2023-02-17
U1793,여,50,50대,50~54,사무/기술직,충남,2023-04-29
U0775,남,51,50대,50~54,사무/기술직,경기,2023-08-06
U1763,여,52,50대,50~54,대학원생,경기,2023-03-12
U0157,남,25,20대,25~29,전업주부,대구,2024-04-28
U1838,여,54,50대,50~54,기타,서울,2024-11-28
U1122,여,29,20대,25~29,기타,경기,2023-04-05
U0920,남,59,50대,55~59,자영업,경남,2023-06-22
U1826,여,51,50대,50~54,사무/기술직,경기,2023-01-10
U1840,여,50,50대,50~54,사무/기술직,경기,2023-10-25
U0549,남,40,40대,40~44,사무/기술직,서울,2024-03-12
U1349,여,36,30대,35~39,자유/전문직,전남,2023-04-01
U0379,남,36,30대,35~39,기타,서울,2024-10-05
U1290,여,32,30대,30~34,자유/전문직,경기,2023-08-27
U1414,여,35,30대,35~39,사무/기술직,광주,2024-03-24
U1984,여,58,50대,55~59,사무/기술직,전북,2024-07-16
U1107,여,23,20대,20~24,대학생,서울,2024-09-13
U0092,남,25,20대,25~29,자영업,경기,2023-06-09
U0974,남,57,50대,55~59,대학생,인천,2024-10-19
U1802,여,52,50대,50~54,무직,서울,2023-05-22
U0649,남,49,40대,45~49,판매/영업,전북,2023-10-29
U1818,여,53,50대,50~54,자유/전문직,경기,2024-06-02
U0888,남,55,50대,55~59,전업주부,경기,2023-09-04
U1222,여,32,30대,30~34,무직,경기,2023-07-28
U0202,남,29,20대,25~29,사무/기술직,경기,2023-09-13
U0870,남,54,50대,50~54,자유/전문직,부산,2023-02-09
U1551,여,41,40대,40~44,전업주부,경북,2023-10-02
U0598,남,49,40대,45~49,사무/기술직,대전,2024-03-15
U1073,여,22,20대,20~24,자유/전문직,부산,2024-05-01
U1333,여,34,30대,30~34,자영업,경기,2023-12-16
U0779,남,52,50대,50~54,대학생,서울,2024-04-23
U0319,남,34,30대,30~34,사무/기술직,서울,2024-10-15
U0024,남,22,20대,20~24,대학생,서울,2024-08-01
U0191,남,25,20대,25~29,사무/기술직,경남,2023-09-17
U0143,남,27,20대,25~29,자유/전문직,인천,2023-05-19
U0178,남,26,20대,25~29,사무/기술직,전남,2024-09-28
U0652,남,49,40대,45~49,사무/기술직,경기,2023-12-19
U1667,여,46,40대,45~49,사무/기술직,서울,2024-09-03
U0767,남,53,50대,50~54,전업주부,경남,2023-03-19
U1867,여,58,50대,55~59,판매/영업,세종,2023-05-14
U0240,남,31,30대,30~34,기타,경기,2024-04-14
U0594,남,45,40대,45~49,기타,경기,2024-09-20
U1033,여,22,20대,20~24,사무/기술직,전북,2024-04-20
U1226,여,34,30대,30~34,전업주부,경기,2023-06-26
U0470,남,41,40대,40~44,사무/기술직,경북,2023-07-08
U0711,남,48,40대,45~49,판매/영업,인천,2024-05-14
U1836,여,50,50대,50~54,사무/기술직,대구,2024-08-23
U1887,여,59,50대,55~59,사무/기술직,경기,2023-12-07
U1261,여,32,30대,30~34,자영업,경기,2023-06-06
U1174,여,27,20대,25~29,자유/전문직,서울,2024-01-04
U0332,남,30,30대,30~34,사무/기술직,서울,2024-03-03
U0048,남,20,20대,20~24,기타,경북,2023-04-16
U1626,여,47,40대,45~49,대학원생,부산,2023-12-07
U1258,여,34,30대,30~34,자유/전문직,경남,2024-06-29
U1332,여,32,30대,30~34,사무/기술직,인천,2024-09-13
U0855,남,53,50대,50~54,자영업,울산,2023-08-13
U1527,여,44,40대,40~44,대학생,서울,2024-02-15
U1207,여,26,20대,25~29,기타,대전,2023-05-09
U1446,여,41,40대,40~44,판매/영업,대구,2024-08-26
U0698,남,48,40대,45~49,경영/관리직,경기,2024-07-22
U1608,여,46,40대,45~49,판매/영업,서울,2024-06-24
U0283,남,34,30대,30~34,전업주부,서울,2023-11-16
U1958,여,58,50대,55~59,자유/전문직,강원,2024-08-24
U1737,여,54,50대,50~54,판매/영업,경기,2024-01-17
U0703,남,46,40대,45~49,대학생,인천,2023-06-28
U0299,남,31,30대,30~34,사무/기술직,인천,2023-09-09
U0752,남,51,50대,50~54,사무/기술직,경기,2024-07-30
U1029,여,24,20대,20~24,사무/기술직,전남,2023-01-31
U0959,남,59,50대,55~59,경영/관리직,대구,2023-05-22
U1114,여,25,20대,25~29,자영업,인천,2023-05-06
U0230,남,30,30대,30~34,자유/전문직,충북,2023-05-01
U0323,남,30,30대,30~34,사무/기술직,인천,2024-08-15
U0948,남,56,50대,55~59,사무/기술직,강원,2023-01-10
U1117,여,29,20대,25~29,무직,경기,2023-10-14
U0068,남,24,20대,20~24,무직,대구,2023-06-01
U0843,남,50,50대,50~54,자유/전문직,대구,2024-09-07
U0782,남,53,50대,50~54,자유/전문직,서울,2024-04-22
U1421,여,37,30대,35~39,사무/기술직,서울,2023-11-13
U0144,남,27,20대,25~29,대학생,경남,2023-11-18
U1306,여,33,30대,30~34,전업주부,충남,2024-04-09
U1212,여,27,20대,25~29,사무/기술직,서울,2023-02-11
U1757,여,53,50대,50~54,사무/기술직,경기,2023-02-26
U1058,여,23,20대,20~24,기능/작업직,경기,2023-11-27
U0430,남,38,30대,35~39,경영/관리직,전남,2023-08-04
U0723,남,53,50대,50~54,자유/전문직,경북,2024-11-19
U1544,여,40,40대,40~44,자유/전문직,서울,2024-10-22
U0917,남,58,50대,55~59,사무/기술직,강원,2024-03-20
U0428,남,35,30대,35~39,전업주부,경북,2023-07-16
U0286,남,33,30대,30~34,대학생,서울,2024-06-23
U0634,남,46,40대,45~49,사무/기술직,충북,2024-10-24
U1448,여,42,40대,40~44,사무/기술직,서울,2024-06-18
U0575,남,44,40대,40~44,사무/기술직,경기,2023-03-29
U1921,여,55,50대,55~59,대학생,서울,2024-10-10
U1540,여,40,40대,40~44,사무/기술직,대전,2024-08-17
U0605,남,47,40대,45~49,자유/전문직,부산,2023-08-16
U1863,여,58,50대,55~59,대학생,부산,2023-07-25
U1126,여,29,20대,25~29,판매/영업,광주,2023-04-08
U0281,남,33,30대,30~34,자영업,부산,2024-11-26
U0042,남,24,20대,20~24,판매/영업,서울,2024-11-14
U1651,여,47,40대,45~49,사무/기술직,전북,2023-11-17
U0023,남,23,20대,20~24,사무/기술직,경기,2023-04-25
U0434,남,37,30대,35~39,무직,대구,2024-01-25
U1661,여,49,40대,45~49,사무/기술직,강원,2023-09-19
U0744,남,50,50대,50~54,자영업,광주,2023-10-14
U0208,남,27,20대,25~29,자유/전문직,대구,2024-08-24
U0858,남,50,50대,50~54,기능/작업직,전북,2023-06-03
U0203,남,26,20대,25~29,기타,인천,2023-07-11
U1331,여,31,30대,30~34,자유/전문직,경기,2024-02-28
U0585,남,46,40대,45~49,자유/전문직,세종,2023-09-18
U0947,남,55,50대,55~59,자유/전문직,서울,2023-10-27
U0344,남,38,30대,35~39,사무/기술직,광주,2023-10-09
U0712,남,48,40대,45~49,자유/전문직,충남,2024-10-11
U1613,여,49,40대,45~49,자영업,서울,2023-04-27
U0822,남,53,50대,50~54,사무/기술직,서울,2024-11-12
U0807,남,52,50대,50~54,자유/전문직,서울,2024-02-17
U0495,남,42,40대,40~44,사무/기술직,대구,2024-09-29
U1256,여,30,30대,30~34,판매/영업,서울,2024-06-18
U0147,남,29,20대,25~29,자유/전문직,인천,2024-10-02
U1177,여,28,20대,25~29,기능/작업직,경기,2023-08-22
U1237,여,32,30대,30~34,사무/기술직,서울,2023-01-14
U0384,남,36,30대,35~39,사무/기술직,대구,2024-04-30
U0535,남,43,40대,40~44,자유/전문직,서울,2024-02-26
U1474,여,41,40대,40~44,사무/기술직,대구,2023-09-27
U1412,여,38,30대,35~39,사무/기술직,경기,2023-10-13
U1800,여,50,50대,50~54,전업주부,서울,2023-05-03
U0954,남,56,50대,55~59,전업주부,울산,2024-02-28
U1822,여,53,50대,50~54,기타,경기,2023-02-20
U1343,여,36,30대,35~39,판매/영업,서울,2024-01-24
U0618,남,46,40대,45~49,기타,광주,2023-12-12
U0539,남,41,40대,40~44,자영업,대구,2023-02-25
U1931,여,59,50대,55~59,대학생,대전,2023-12-25
U0361,남,36,30대,35~39,자유/전문직,광주,2023-07-15
U0238,남,34,30대,30~34,대학원생,세종,2023-08-18
U1442,여,40,40대,40~44,사무/기술직,충남,2024-11-18
U1712,여,54,50대,50~54,기능/작업직,광주,2024-03-14
U1724,여,51,50대,50~54,사무/기술직,서울,2023-05-03
U1711,여,51,50대,50~54,사무/기술직,부산,2023-03-22
U0628,남,45,40대,45~49,기능/작업직,울산,2023-07-23
U1403,여,38,30대,35~39,자영업,인천,2024-10-20
U0662,남,45,40대,45~49,자영업,경기,2024-02-13
U1691,여,49,40대,45~49,무직,울산,2023-07-27
U0249,남,32,30대,30~34,자영업,세종,2024-01-10
U1056,여,22,20대,20~24,자유/전문직,서울,2023-02-20
U1259,여,30,30대,30~34,사무/기술직,경기,2023-01-24
U0760,남,54,50대,50~54,전업주부,경기,2024-07-30
U0815,남,53,50대,50~54,무직,경기,2023-05-30
U0443,남,35,30대,35~39,판매/영업,서울,2023-03-29
U0939,남,59,50대,55~59,사무/기술직,서울,2024-08-25
U0101,남,27,20대,25~29,기타,부산,2023-07-07
U1709,여,54,50대,50~54,사무/기술직,서울,2023-12-11
U1057,여,24,20대,20~24,기능/작업직,서울,2023-08-06
U1432,여,39,30대,35~39,사무/기술직,충북,2024-06-29
U0829,남,51,50대,50~54,대학생,서울,2024-11-03
U0002,남,21,20대,20~24,자영업,전북,2024-08-30
U0373,남,38,30대,35~39,전업주부,대전,2023-05-27
U0073,남,24,20대,20~24,사무/기술직,서울,2023-07-07
U0305,남,32,30대,30~34,기타,강원,2023-10-05
U0517,남,42,40대,40~44,경영/관리직,서울,2024-06-01
U0538,남,43,40대,40~44,경영/관리직,경기,2023-06-17
U1257,여,33,30대,30~34,사무/기술직,충남,2024-02-20
U0773,남,51,50대,50~54,무직,부산,2023-11-03
U0515,남,44,40대,40~44,사무/기술직,경기,2024-11-28
U0003,남,23,20대,20~24,전업주부,경기,2023-06-03
U1018,남,58,50대,55~59,사무/기술직,부산,2024-03-14
U1869,여,55,50대,55~59,기능/작업직,서울,2023-08-30
U1308,여,30,30대,30~34,기능/작업직,경기,2024-07-07
U0054,남,23,20대,20~24,사무/기술직,경북,2023-03-04
U1929,여,56,50대,55~59,판매/영업,경기,2023-08-19
U0303,남,33,30대,30~34,자유/전문직,경기,2023-02-23
U0174,남,26,20대,25~29,사무/기술직,서울,2023-09-14
U0944,남,56,50대,55~59,대학생,울산,2023-01-02
U0368,남,35,30대,35~39,전업주부,부산,2023-10-21
U0922,남,55,50대,55~59,사무/기술직,경남,2023-04-05
U0995,남,55,50대,55~59,전업주부,서울,2023-02-18
U1998,여,57,50대,55~59,경영/관리직,경기,2024-02-14
U0530,남,43,40대,40~44,무직,경기,2024-05-05
U1233,여,32,30대,30~34,자영업,인천,2024-02-16
U0204,남,26,20대,25~29,사무/기술직,전북,2023-01-20
U1940,여,58,50대,55~59,사무/기술직,경남,2024-03-16
U0754,남,52,50대,50~54,판매/영업,광주,2023-10-25
U0787,남,51,50대,50~54,자유/전문직,전북,2023-01-19
U1507,여,43,40대,40~44,자유/전문직,경기,2023-07-12
U1229,여,30,30대,30~34,기능/작업직,경남,2024-01-24
U1132,여,27,20대,25~29,기타,경북,2023-12-03
U1140,여,25,20대,25~29,자유/전문직,경기,2024-11-20
U0184,남,25,20대,25~29,사무/기술직,전북,2023-06-13
U0862,남,50,50대,50~54,무직,서울,2023-06-27
U1468,여,43,40대,40~44,대학생,서울,2023-06-01
U1552,여,40,40대,40~44,사무/기술직,충북,2023-11-10
U0027,남,22,20대,20~24,기능/작업직,서울,2024-02-08
U1471,여,43,40대,40~44,경영/관리직,서울,2024-09-26
U1351,여,39,30대,35~39,자영업,경기,2023-02-15
U1314,여,30,30대,30~34,대학생,경기,2024-04-10
U1933,여,59,50대,55~59,사무/기술직,경기,2023-08-02
U0113,남,29,20대,25~29,전업주부,대전,2024-01-28
U1827,여,52,50대,50~54,전업주부,경남,2023-09-06
U0792,남,54,50대,50~54,전업주부,경기,2023-05-24
U1603,여,45,40대,45~49,사무/기술직,대구,2023-04-19
U1024,남,58,50대,55~59,경영/관리직,경기,2024-03-02
U0685,남,46,40대,45~49,사무/기술직,인천,2024-08-07
U1411,여,38,30대,35~39,무직,광주,2023-02-06
U0584,남,42,40대,40~44,사무/기술직,강원,2023-02-21
U1978,여,55,50대,55~59,사무/기술직,인천,2023-12-18
U1611,여,47,40대,45~49,사무/기술직,대구,2024-10-10
U0853,남,52,50대,50~54,자유/전문직,경기,2023-08-09
U1813,여,51,50대,50~54,판매/영업,서울,2023-09-18
U1185,여,25,20대,25~29,자유/전문직,충북,2023-06-07
U0289,남,34,30대,30~34,사무/기술직,인천,2024-03-25
U1759,여,50,50대,50~54,사무/기술직,대구,2023-03-26
U1218,여,27,20대,25~29,자유/전문직,서울,2024-03-21
U1085,여,21,20대,20~24,사무/기술직,인천,2024-03-31
U1241,여,32,30대,30~34,기타,강원,2023-02-20
U0329,남,30,30대,30~34,자유/전문직,제주,2024-06-19
U0441,남,36,30대,35~39,기능/작업직,부산,2024-05-12
U1049,여,24,20대,20~24,기능/작업직,서울,2024-10-15
U1410,여,38,30대,35~39,사무/기술직,광주,2023-07-04
U1272,여,34,30대,30~34,전업주부,경기,2024-02-07
U1100,여,21,20대,20~24,기타,전남,2023-11-28
U0197,남,29,20대,25~29,자유/전문직,경북,2024-05-26
U1811,여,53,50대,50~54,자영업,경남,2024-09-12
U0832,남,53,50대,50~54,전업주부,서울,2023-03-04
U1562,여,41,40대,40~44,전업주부,충북,2023-09-18
U0940,남,55,50대,55~59,전업주부,경남,2024-02-04
U1480,여,41,40대,40~44,사무/기술직,대구,2023-12-02
U1706,여,53,50대,50~54,자영업,경기,2024-02-15
U1768,여,51,50대,50~54,자유/전문직,광주,2023-03-10
U0186,남,25,20대,25~29,대학생,충북,2024-07-30
U0170,남,29,20대,25~29,사무/기술직,전북,2023-05-31
U1497,여,41,40대,40~44,자유/전문직,충남,2024-10-09
U1475,여,41,40대,40~44,사무/기술직,인천,2023-06-09
U0851,남,53,50대,50~54,사무/기술직,서울,2023-06-26
U1655,여,45,40대,45~49,사무/기술직,광주,2024-09-16
U1985,여,58,50대,55~59,자유/전문직,서울,2024-05-25
U1105,여,24,20대,20~24,경영/관리직,대구,2024-04-08
U0235,남,32,30대,30~34,기타,대전,2023-03-09
U0615,남,48,40대,45~49,판매/영업,대구,2023-12-09
U1647,여,46,40대,45~49,전업주부,경기,2024-07-19
U1645,여,46,40대,45~49,대학생,대구,2023-09-10
U1366,여,38,30대,35~39,사무/기술직,광주,2023-01-17
U1526,여,40,40대,40~44,기능/작업직,광주,2024-03-26
U1385,여,36,30대,35~39,사무/기술직,대전,2024-10-30
U0588,남,48,40대,45~49,사무/기술직,전남,2024-06-13
U1294,여,31,30대,30~34,경영/관리직,울산,2023-08-17
U0552,남,44,40대,40~44,사무/기술직,강원,2023-09-19
U0595,남,47,40대,45~49,자유/전문직,경기,2023-01-18
U0187,남,26,20대,25~29,기타,강원,2023-01-16
U0414,남,37,30대,35~39,전업주부,서울,2024-04-18
U0500,남,40,40대,40~44,기타,충북,2023-02-12
U0573,남,40,40대,40~44,전업주부,제주,2023-05-20
U1605,여,49,40대,45~49,전업주부,서울,2023-05-16
U1570,여,46,40대,45~49,대학생,경기,2023-07-26
U0026,남,22,20대,20~24,사무/기술직,서울,2023-12-20
U1075,여,24,20대,20~24,대학생,경북,2024-03-23
U0028,남,21,20대,20~24,대학생,경남,2024-02-10
U0604,남,49,40대,45~49,자유/전문직,서울,2023-01-31
U1992,여,57,50대,55~59,사무/기술직,부산,2023-03-29
U0875,남,59,50대,55~59,대학생,서울,2024-05-28
U1089,여,24,20대,20~24,대학생,강원,2024-02-12
U1398,여,35,30대,35~39,자유/전문직,대구,2024-09-26
U0715,남,45,40대,45~49,기능/작업직,서울,2024-03-14
U0188,남,27,20대,25~29,대학생,경남,2023-07-10
U0647,남,45,40대,45~49,사무/기술직,경북,2024-01-22
U1532,여,43,40대,40~44,자유/전문직,서울,2023-04-15
U1119,여,25,20대,25~29,경영/관리직,서울,2023-01-08
U0392,남,39,30대,35~39,사무/기술직,강원,2023-04-07
U0692,남,47,40대,45~49,전업주부,서울,2024-02-28
U1297,여,31,30대,30~34,대학원생,전북,2024-07-09
U1665,여,45,40대,45~49,전업주부,부산,2023-11-14
U1146,여,28,20대,25~29,전업주부,전북,2024-09-16
U0803,남,54,50대,50~54,기타,충북,2023-02-09
U0670,남,48,40대,45~49,기능/작업직,제주,2023-10-08
U1715,여,50,50대,50~54,전업주부,서울,2024-02-08
U0788,남,53,50대,50~54,자유/전문직,광주,2023-11-27
U0162,남,27,20대,25~29,사무/기술직,충남,2023-03-14
U1830,여,51,50대,50~54,대학생,서울,2023-09-05
U0555,남,44,40대,40~44,경영/관리직,광주,2024-09-08
U1325,여,34,30대,30~34,전업주부,경기,2024-06-29
U0009,남,24,20대,20~24,경영/관리직,대구,2024-08-28
U0406,남,36,30대,35~39,자유/전문직,경북,2024-09-01
U1219,여,30,30대,30~34,사무/기술직,부산,2023-10-14
U1009,남,56,50대,55~59,사무/기술직,세종,2024-03-01
U1503,여,42,40대,40~44,기능/작업직,광주,2024-05-20
U0458,남,41,40대,40~44,사무/기술직,경기,2024-10-25
U0212,남,33,30대,30~34,전업주부,서울,2024-09-09
U1376,여,36,30대,35~39,사무/기술직,서울,2023-09-12
U0423,남,36,30대,35~39,전업주부,광주,2024-03-05
U0559,남,41,40대,40~44,전업주부,대전,2023-02-24
U0602,남,48,40대,45~49,경영/관리직,부산,2023-08-06
U0453,남,43,40대,40~44,무직,인천,2024-11-03
U0702,남,46,40대,45~49,무직,전남,2023-03-29
U0097,남,28,20대,25~29,사무/기술직,서울,2024-07-31
U0190,남,25,20대,25~29,경영/관리직,서울,2023-01-03
U1957,여,55,50대,55~59,기타,서울,2023-11-30
U0213,남,34,30대,30~34,사무/기술직,부산,2023-12-15
U0436,남,38,30대,35~39,사무/기술직,전남,2024-03-18
U0880,남,55,50대,55~59,전업주부,서울,2023-05-06
U0556,남,44,40대,40~44,대학생,경기,2023-08-20
U0828,남,53,50대,50~54,사무/기술직,충남,2024-02-13
U1693,여,49,40대,45~49,자영업,경기,2024-09-23
U1909,여,56,50대,55~59,판매/영업,서울,2024-06-02
U0025,남,20,20대,20~24,무직,대구,2024-04-19
U0432,남,37,30대,35~39,경영/관리직,경남,2023-02-12
U1595,여,47,40대,45~49,기능/작업직,광주,2023-06-16
U0180,남,25,20대,25~29,자유/전문직,강원,2023-01-30
U0287,남,31,30대,30~34,사무/기술직,서울,2024-05-04
U1879,여,59,50대,55~59,무직,경기,2023-09-22
U0542,남,44,40대,40~44,자유/전문직,서울,2023-12-10
U1487,여,42,40대,40~44,대학생,전북,2023-04-07
U1030,여,20,20대,20~24,사무/기술직,대구,2023-01-09
U1806,여,52,50대,50~54,사무/기술직,서울,2023-04-05
U0831,남,51,50대,50~54,사무/기술직,서울,2023-01-12
U0349,남,37,30대,35~39,전업주부,대구,2023-06-14
U1845,여,53,50대,50~54,경영/관리직,경기,2023-07-06
U0659,남,46,40대,45~49,자유/전문직,부산,2023-07-01
U1355,여,36,30대,35~39,대학생,서울,2024-05-11
U1576,여,48,40대,45~49,농업,대전,2023-09-17
U0483,남,44,40대,40~44,자유/전문직,광주,2024-07-10
U1405,여,37,30대,35~39,자유/전문직,부산,2023-03-13
U0429,남,39,30대,35~39,기타,서울,2023-02-19
U1683,여,46,40대,45~49,자유/전문직,서울,2024-06-26
U0986,남,58,50대,55~59,사무/기술직,서울,2023-05-01
U0943,남,55,50대,55~59,사무/기술직,서울,2023-05-02
U1406,여,38,30대,35~39,판매/영업,인천,2023-04-25
U0765,남,51,50대,50~54,자영업,경기,2023-03-30
U0912,남,55,50대,55~59,대학생,강원,2023-01-27
U1389,여,39,30대,35~39,무직,경북,2024-07-28
U1744,여,52,50대,50~54,자유/전문직,서울,2024-06-12
U0205,남,26,20대,25~29,사무/기술직,서울,2024-06-25
U1387,여,37,30대,35~39,자유/전문직,서울,2024-02-06
U1067,여,21,20대,20~24,대학생,부산,2023-12-11
U0078,남,23,20대,20~24,자유/전문직,경기,2024-10-29
U1548,여,43,40대,40~44,사무/기술직,울산,2024-07-27
U1186,여,28,20대,25~29,사무/기술직,경기,2023-04-05
U1292,여,33,30대,30~34,자영업,경기,2024-09-11
U0004,남,23,20대,20~24,자유/전문직,강원,2023-12-01
U0586,남,48,40대,45~49,사무/기술직,서울,2023-03-21
U1559,여,44,40대,40~44,자영업,서울,2023-05-26
U0524,남,41,40대,40~44,자영업,경기,2024-04-19
U1211,여,29,20대,25~29,대학생,서울,2024-07-18
U0171,남,27,20대,25~29,경영/관리직,대구,2024-11-09
U0924,남,59,50대,55~59,자유/전문직,인천,2024-02-24
U0029,남,24,20대,20~24,자유/전문직,서울,2023-07-14
U1452,여,44,40대,40~44,경영/관리직,서울,2024-06-07
U1725,여,52,50대,50~54,판매/영업,대전,2024-04-27
U0950,남,59,50대,55~59,사무/기술직,서울,2024-03-25
U1530,여,44,40대,40~44,기타,전북,2024-06-27
U0357,남,39,30대,35~39,기능/작업직,서울,2023-09-12
U1558,여,43,40대,40~44,대학원생,인천,2023-01-26
U1035,여,21,20대,20~24,기능/작업직,서울,2023-08-13
U1087,여,24,20대,20~24,경영/관리직,서울,2023-01-25
U0359,남,37,30대,35~39,기능/작업직,경기,2023-02-21
U0949,남,56,50대,55~59,대학생,인천,2023-01-18
U1619,여,46,40대,45~49,기타,경남,2023-11-20
U0057,남,23,20대,20~24,사무/기술직,경기,2023-03-24
U0541,남,43,40대,40~44,사무/기술직,서울,2023-10-20
U0454,남,40,40대,40~44,전업주부,경기,2024-06-20
U1519,여,41,40대,40~44,자영업,충북,2023-01-20
U0030,남,23,20대,20~24,판매/영업,서울,2023-11-12
U1315,여,30,30대,30~34,자영업,경기,2023-04-30
U0544,남,43,40대,40~44,무직,경기,2023-08-09
U0496,남,40,40대,40~44,자영업,경기,2024-03-22
U1409,여,39,30대,35~39,대학생,인천,2023-06-21
U0480,남,44,40대,40~44,자영업,광주,2024-11-11
U0545,남,40,40대,40~44,사무/기술직,경남,2024-11-23
U0800,남,52,50대,50~54,전업주부,서울,2024-09-06
U0724,남,51,50대,50~54,자유/전문직,경남,2024-08-05
U0502,남,43,40대,40~44,전업주부,부산,2023-01-30
U1265,여,31,30대,30~34,사무/기술직,경남,2023-02-26
U1316,여,32,30대,30~34,경영/관리직,전북,2023-09-16
U0856,남,51,50대,50~54,자영업,서울,2023-06-11
U1391,여,37,30대,35~39,사무/기술직,경기,2023-03-08
U0579,남,40,40대,40~44,사무/기술직,경기,2023-04-29
U1161,여,26,20대,25~29,자유/전문직,대전,2023-03-11
U1905,여,55,50대,55~59,대학생,경기,2024-03-23
U1726,여,53,50대,50~54,사무/기술직,서울,2023-07-18
U1841,여,50,50대,50~54,전업주부,경기,2024-10-11
U0400,남,39,30대,35~39,기타,울산,2023-12-06
U1136,여,27,20대,25~29,사무/기술직,광주,2024-02-26
U0560,남,44,40대,40~44,무직,경남,2024-04-04
U1012,남,58,50대,55~59,자영업,경북,2024-08-07
U0215,남,33,30대,30~34,대학생,서울,2024-10-23
U0340,남,39,30대,35~39,자유/전문직,서울,2024-10-12
U0625,남,46,40대,45~49,기타,경기,2024-03-27
U1353,여,39,30대,35~39,기타,제주,2023-07-01
U1604,여,46,40대,45~49,사무/기술직,서울,2023-12-20
U1038,여,22,20대,20~24,자영업,경기,2024-05-06
U0709,남,48,40대,45~49,기능/작업직,경남,2024-04-14
U0973,남,58,50대,55~59,자유/전문직,부산,2023-03-21
U1348,여,36,30대,35~39,사무/기술직,강원,2024-10-27
U0440,남,35,30대,35~39,사무/기술직,경기,2024-06-28
U0989,남,59,50대,55~59,자영업,대구,2024-03-25
U1444,여,42,40대,40~44,전업주부,경기,2023-04-19
U1854,여,55,50대,55~59,판매/영업,경기,2024-11-02
U1848,여,54,50대,50~54,사무/기술직,경기,2023-06-28
U1296,여,31,30대,30~34,자영업,울산,2023-12-08
U1778,여,50,50대,50~54,사무/기술직,경기,2023-10-16
U0799,남,50,50대,50~54,사무/기술직,부산,2023-02-03
U0778,남,52,50대,50~54,전업주부,경기,2024-08-12
U1083,여,20,20대,20~24,사무/기술직,서울,2023-11-08
U0705,남,45,40대,45~49,대학생,대구,2023-08-10
U0610,남,45,40대,45~49,사무/기술직,부산,2023-10-02
U0839,남,53,50대,50~54,무직,대전,2023-08-17
U1370,여,38,30대,35~39,전업주부,경남,2023-01-31
U1386,여,37,30대,35~39,자유/전문직,충남,2024-09-09
U1862,여,55,50대,55~59,자유/전문직,인천,2023-09-12
U1307,여,34,30대,30~34,사무/기술직,광주,2024-03-04
U0913,남,57,50대,55~59,전업주부,경기,2024-02-20
U1498,여,41,40대,40~44,자영업,경기,2024-11-29
U0630,남,46,40대,45~49,사무/기술직,서울,2024-08-02
U0071,남,22,20대,20~24,무직,서울,2023-08-09
U1111,여,27,20대,25~29,사무/기술직,대구,2024-02-25
U0343,남,38,30대,35~39,기타,인천,2023-07-16
U1097,여,20,20대,20~24,기능/작업직,인천,2024-03-09
U0491,남,43,40대,40~44,기능/작업직,울산,2023-03-13
U1997,여,55,50대,55~59,대학생,서울,2023-04-23
U0484,남,43,40대,40~44,무직,인천,2023-05-17
U0479,남,44,40대,40~44,무직,경북,2024-07-30
U0898,남,55,50대,55~59,사무/기술직,경기,2024-08-05
U1842,여,50,50대,50~54,판매/영업,전북,2023-12-19
U1594,여,45,40대,45~49,무직,서울,2023-09-11
U1597,여,49,40대,45~49,사무/기술직,경기,2024-04-20
U0680,남,45,40대,45~49,자영업,대전,2023-05-22
U1663,여,48,40대,45~49,전업주부,경기,2023-12-04
U0127,남,25,20대,25~29,자영업,경기,2024-08-04
U1291,여,34,30대,30~34,사무/기술직,경기,2024-08-28
U0835,남,54,50대,50~54,사무/기술직,충남,2023-01-21
U1692,여,48,40대,45~49,기능/작업직,인천,2024-06-23
U0621,남,49,40대,45~49,판매/영업,강원,2023-12-09
U0045,남,21,20대,20~24,기타,서울,2024-04-30
U1429,여,37,30대,35~39,자유/전문직,서울,2024-02-26
U0608,남,45,40대,45~49,사무/기술직,경기,2023-03-07
U1449,여,41,40대,40~44,기능/작업직,경북,2023-06-05
U1579,여,49,40대,45~49,사무/기술직,경기,2024-04-08
U0719,남,45,40대,45~49,사무/기술직,경남,2024-11-30
U1787,여,51,50대,50~54,기능/작업직,경기,2024-01-31
U0854,남,50,50대,50~54,전업주부,경기,2024-07-24
U1311,여,30,30대,30~34,대학생,경북,2024-03-28
U1698,여,45,40대,45~49,기타,서울,2024-10-27
U0485,남,41,40대,40~44,기능/작업직,경기,2024-03-21
U1781,여,53,50대,50~54,사무/기술직,경기,2024-06-25
U0802,남,53,50대,50~54,기능/작업직,경기,2023-04-27
U1772,여,52,50대,50~54,판매/영업,충남,2023-02-14
U0256,남,32,30대,30~34,기타,충남,2023-05-28
U0220,남,33,30대,30~34,대학생,서울,2023-10-01
U1517,여,40,40대,40~44,대학생,서울,2023-12-14
U0577,남,44,40대,40~44,사무/기술직,경기,2024-10-23
U1676,여,47,40대,45~49,기타,서울,2024-09-04
U0369,남,35,30대,35~39,자유/전문직,전북,2024-02-20
U0900,남,58,50대,55~59,사무/기술직,경남,2023-03-29
U0421,남,37,30대,35~39,대학생,대구,2023-01-16
U1884,여,56,50대,55~59,사무/기술직,경기,2023-03-28
U1622,여,47,40대,45~49,사무/기술직,전북,2024-02-09
U0309,남,33,30대,30~34,사무/기술직,서울,2023-03-01
U0302,남,34,30대,30~34,사무/기술직,서울,2023-11-15
U1201,여,27,20대,25~29,기타,충북,2024-10-01
U0580,남,41,40대,40~44,사무/기술직,경북,2023-12-12
U0884,남,56,50대,55~59,전업주부,서울,2024-11-05
U1816,여,54,50대,50~54,자유/전문직,서울,2024-01-31
U0356,남,35,30대,35~39,사무/기술직,전남,2024-06-10
U0607,남,49,40대,45~49,전업주부,서울,2023-03-15
U1913,여,55,50대,55~59,기능/작업직,경북,2024-08-31
U1572,여,45,40대,45~49,기타,전북,2023-06-27
U1779,여,50,50대,50~54,사무/기술직,경남,2024-04-27
U0993,남,59,50대,55~59,기능/작업직,경남,2023-05-18
U1210,여,29,20대,25~29,사무/기술직,경기,2023-10-31
U0246,남,31,30대,30~34,자유/전문직,경남,2024-10-12
U1716,여,51,50대,50~54,자유/전문직,경남,2023-08-30
U0847,남,54,50대,50~54,대학생,서울,2023-05-27
U0164,남,28,20대,25~29,사무/기술직,인천,2024-01-30
U0397,남,37,30대,35~39,무직,서울,2023-02-08
U0047,남,24,20대,20~24,자영업,전남,2024-10-03
U0819,남,53,50대,50~54,전업주부,경기,2023-01-27
U1423,여,35,30대,35~39,사무/기술직,서울,2024-07-08
U0059,남,20,20대,20~24,사무/기술직,서울,2024-03-29
U1336,여,35,30대,35~39,자유/전문직,서울,2023-12-21
U1392,여,39,30대,35~39,판매/영업,서울,2023-10-04
U0801,남,53,50대,50~54,전업주부,경남,2024-05-19
U1824,여,53,50대,50~54,경영/관리직,서울,2023-06-19
U0419,남,38,30대,35~39,고등학생,광주,2024-02-03
U0868,남,53,50대,50~54,전업주부,대전,2023-08-06
U1232,여,32,30대,30~34,사무/기술직,경기,2024-08-21
U0651,남,46,40대,45~49,사무/기술직,서울,2023-11-23
U0231,남,32,30대,30~34,사무/기술직,서울,2023-12-24
U0617,남,48,40대,45~49,무직,울산,2023-06-21
U1550,여,41,40대,40~44,경영/관리직,경기,2024-08-15
U1504,여,40,40대,40~44,사무/기술직,서울,2024-05-15
U1792,여,52,50대,50~54,사무/기술직,인천,2023-09-26
U1319,여,32,30대,30~34,자유/전문직,부산,2023-08-22
U1167,여,27,20대,25~29,사무/기술직,경기,2023-09-17
U1206,여,28,20대,25~29,사무/기술직,울산,2023-01-02
U1736,여,54,50대,50~54,사무/기술직,경북,2024-10-25
U1375,여,38,30대,35~39,사무/기술직,광주,2024-09-01
U1536,여,41,40대,40~44,자유/전문직,경기,2023-09-23
U1994,여,59,50대,55~59,사무/기술직,경북,2023-11-06
U0629,남,45,40대,45~49,무직,대구,2023-04-04
U0881,남,56,50대,55~59,사무/기술직,부산,2023-07-03
U0620,남,45,40대,45~49,경영/관리직,경기,2023-03-16
U1276,여,31,30대,30~34,판매/영업,광주,2024-08-08
U0405,남,38,30대,35~39,경영/관리직,경기,2023-02-06
U0363,남,36,30대,35~39,자유/전문직,대전,2024-08-15
U0966,남,58,50대,55~59,대학생,충남,2023-11-16
U0958,남,55,50대,55~59,사무/기술직,충남,2023-07-13
U1028,여,20,20대,20~24,대학생,경남,2023-04-05
U0753,남,52,50대,50~54,사무/기술직,경기,2023-02-01
U0081,남,21,20대,20~24,사무/기술직,울산,2024-10-19
U0247,남,31,30대,30~34,사무/기술직,서울,2023-11-12
U1240,여,34,30대,30~34,판매/영업,대전,2023-02-23
U1350,여,38,30대,35~39,자유/전문직,제주,2024-10-05
U1666,여,48,40대,45~49,자유/전문직,인천,2023-12-12
U1750,여,51,50대,50~54,무직,경기,2023-04-21
U1977,여,57,50대,55~59,자유/전문직,대전,2024-11-18
U0956,남,55,50대,55~59,전업주부,전남,2024-06-29
U0273,남,31,30대,30~34,사무/기술직,강원,2023-03-21
U0284,남,31,30대,30~34,경영/관리직,서울,2023-04-25
U0110,남,27,20대,25~29,사무/기술직,충남,2023-05-08
U1769,여,52,50대,50~54,기타,인천,2023-10-19
U1991,여,56,50대,55~59,자유/전문직,경기,2024-07-27
U0014,남,24,20대,20~24,사무/기술직,경기,2024-11-13
U0805,남,53,50대,50~54,사무/기술직,부산,2023-11-14
U1758,여,53,50대,50~54,자유/전문직,경북,2024-04-02
U1855,여,55,50대,55~59,무직,광주,2024-06-29
U1123,여,29,20대,25~29,대학생,경남,2024-01-07
U1707,여,54,50대,50~54,사무/기술직,부산,2023-08-21
U1767,여,53,50대,50~54,사무/기술직,경기,2024-09-24
U0644,남,45,40대,45~49,대학생,대구,2023-05-01
U0565,남,43,40대,40~44,사무/기술직,서울,2024-03-01
U1486,여,40,40대,40~44,농업,경기,2023-11-29
U0411,남,37,30대,35~39,사무/기술직,대전,2024-03-11
U1490,여,42,40대,40~44,무직,충북,2023-05-21
U0112,남,25,20대,25~29,기능/작업직,경기,2024-08-08
U0889,남,55,50대,55~59,사무/기술직,서울,2024-11-20
U0860,남,50,50대,50~54,사무/기술직,서울,2024-06-30
U1248,여,33,30대,30~34,대학생,경기,2023-07-25
U0836,남,50,50대,50~54,사무/기술직,경기,2023-11-09
U1021,남,56,50대,55~59,사무/기술직,경기,2024-04-08
U1070,여,23,20대,20~24,사무/기술직,인천,2024-07-04
U0104,남,29,20대,25~29,기타,부산,2024-09-20
U1282,여,30,30대,30~34,경영/관리직,인천,2024-04-26
U1245,여,32,30대,30~34,사무/기술직,충북,2023-03-20
U1821,여,54,50대,50~54,경영/관리직,충북,2023-02-24
U1048,여,23,20대,20~24,경영/관리직,울산,2023-06-13
U0175,남,28,20대,25~29,전업주부,부산,2024-08-15
U1684,여,47,40대,45~49,자유/전문직,경남,2024-08-30
U1743,여,50,50대,50~54,대학생,서울,2024-05-15
U1310,여,32,30대,30~34,사무/기술직,서울,2024-04-01
U1531,여,43,40대,40~44,기능/작업직,충북,2023-12-13
U0999,남,59,50대,55~59,전업주부,부산,2024-01-29
U1235,여,32,30대,30~34,사무/기술직,경기,2024-03-11
U0908,남,55,50대,55~59,기타,경남,2024-02-03
U1871,여,57,50대,55~59,대학생,경기,2023-04-24
U0142,남,29,20대,25~29,무직,경남,2023-12-18
U0313,남,31,30대,30~34,기능/작업직,강원,2024-04-08
U1484,여,42,40대,40~44,전업주부,서울,2024-01-04
U0601,남,46,40대,45~49,사무/기술직,경남,2023-03-19
U1395,여,37,30대,35~39,경영/관리직,대구,2024-10-19
U1359,여,36,30대,35~39,전업주부,서울,2023-11-22
U0965,남,56,50대,55~59,사무/기술직,경기,2024-02-14
U0532,남,40,40대,40~44,사무/기술직,경남,2023-01-17
U0314,남,31,30대,30~34,자영업,경기,2024-12-01
U1575,여,48,40대,45~49,대학생,대전,2023-02-15
U1697,여,49,40대,45~49,무직,울산,2024-05-23
U1710,여,50,50대,50~54,경영/관리직,충북,2024-08-31
U1399,여,35,30대,35~39,사무/기술직,인천,2024-05-19
U1267,여,30,30대,30~34,사무/기술직,인천,2023-05-04
U0509,남,44,40대,40~44,사무/기술직,경기,2024-03-10
U0623,남,45,40대,45~49,사무/기술직,부산,2024-01-11
U0972,남,57,50대,55~59,판매/영업,서울,2024-01-19
U1671,여,49,40대,45~49,기능/작업직,경기,2023-01-31
U0096,남,25,20대,25~29,사무/기술직,인천,2023-08-26
U0718,남,45,40대,45~49,사무/기술직,경기,2024-07-31
U0270,남,33,30대,30~34,사무/기술직,대전,2024-11-30
U0152,남,27,20대,25~29,사무/기술직,강원,2023-09-29
U1961,여,59,50대,55~59,기타,대구,2023-06-27
U0759,남,51,50대,50~54,기타,대전,2023-06-23
U1459,여,42,40대,40~44,전업주부,경기,2023-02-20
U0798,남,53,50대,50~54,사무/기술직,대구,2024-10-17
U0701,남,46,40대,45~49,대학생,부산,2024-09-16
U0472,남,43,40대,40~44,사무/기술직,세종,2024-02-19
U0667,남,46,40대,45~49,전업주부,서울,2023-06-22
U1646,여,45,40대,45~49,경영/관리직,경남,2023-12-21
U1262,여,34,30대,30~34,자유/전문직,서울,2023-05-13
U1513,여,43,40대,40~44,경영/관리직,서울,2023-06-02
U1050,여,20,20대,20~24,사무/기술직,대전,2023-12-01
U1573,여,47,40대,45~49,자유/전문직,경북,2023-03-05
U1215,여,25,20대,25~29,전업주부,서울,2024-09-25
U0558,남,40,40대,40~44,자영업,광주,2024-09-21
U1415,여,35,30대,35~39,사무/기술직,세종,2023-03-03
U1363,여,38,30대,35~39,사무/기술직,경기,2024-04-25
U1184,여,26,20대,25~29,자유/전문직,대전,2023-03-21
U1675,여,49,40대,45~49,사무/기술직,대전,2023-07-24
U1420,여,39,30대,35~39,대학생,서울,2024-02-22
U0053,남,24,20대,20~24,농업,경기,2024-05-08
U1249,여,30,30대,30~34,사무/기술직,서울,2024-02-19
U0005,남,24,20대,20~24,전업주부,경기,2024-08-20
U0226,남,32,30대,30~34,사무/기술직,울산,2023-08-23
U1165,여,27,20대,25~29,사무/기술직,경남,2023-12-13
U0543,남,41,40대,40~44,무직,경기,2024-08-03
U1431,여,36,30대,35~39,기타,제주,2023-04-09
U0514,남,43,40대,40~44,무직,서울,2023-08-06
U1270,여,31,30대,30~34,전업주부,서울,2023-04-01
U1253,여,32,30대,30~34,기타,서울,2024-04-24
U0905,남,58,50대,55~59,자유/전문직,대구,2023-08-06
U1964,여,59,50대,55~59,전업주부,경북,2023-04-24
U0818,남,53,50대,50~54,판매/영업,경기,2023-08-10
U0952,남,59,50대,55~59,경영/관리직,전북,2023-02-23
U1872,여,55,50대,55~59,기능/작업직,경기,2023-10-24
U1251,여,34,30대,30~34,대학생,서울,2024-10-15
U1554,여,44,40대,40~44,기타,전남,2023-07-18
U0791,남,51,50대,50~54,사무/기술직,대전,2024-07-09
U0348,남,36,30대,35~39,기능/작업직,충남,2023-03-26
U0890,남,57,50대,55~59,사무/기술직,광주,2023-03-15
U0638,남,48,40대,45~49,사무/기술직,경기,2024-03-28
U1628,여,49,40대,45~49,자유/전문직,대전,2024-05-13
U1870,여,58,50대,55~59,판매/영업,인천,2023-06-10
U0061,남,22,20대,20~24,사무/기술직,인천,2024-06-05
U1153,여,25,20대,25~29,기타,경기,2024-07-31
U1861,여,59,50대,55~59,자영업,서울,2023-04-12
U1477,여,42,40대,40~44,경영/관리직,인천,2024-06-08
U0161,남,26,20대,25~29,자영업,울산,2023-05-09
U0471,남,44,40대,40~44,사무/기술직,경기,2023-07-23
U0196,남,25,20대,25~29,사무/기술직,경기,2023-08-09
U1538,여,40,40대,40~44,기타,대구,2024-09-29
U1397,여,39,30대,35~39,전업주부,충북,2024-04-26
U0776,남,53,50대,50~54,무직,강원,2024-07-25
U0052,남,23,20대,20~24,사무/기술직,서울,2024-02-07
U1926,여,58,50대,55~59,전업주부,부산,2024-05-09
U0463,남,43,40대,40~44,대학생,강원,2023-05-09
U1203,여,26,20대,25~29,사무/기술직,강원,2023-06-25
U0553,남,41,40대,40~44,전업주부,경기,2024-02-26
U1928,여,59,50대,55~59,사무/기술직,서울,2023-09-28
U1660,여,46,40대,45~49,사무/기술직,부산,2023-06-01
U1458,여,43,40대,40~44,전업주부,대구,2023-09-18
U1749,여,52,50대,50~54,경영/관리직,서울,2024-06-09
U1110,여,27,20대,25~29,사무/기술직,충북,2023-02-02
U1837,여,52,50대,50~54,사무/기술직,경기,2024-10-30
U1703,여,51,50대,50~54,경영/관리직,경남,2023-10-02
U0955,남,55,50대,55~59,자영업,경기,2024-10-03
U1034,여,20,20대,20~24,경영/관리직,부산,2024-03-13
U0721,남,46,40대,45~49,사무/기술직,서울,2024-05-31
U0267,남,33,30대,30~34,사무/기술직,경북,2023-01-27
U1435,여,38,30대,35~39,사무/기술직,서울,2024-08-13
U1908,여,56,50대,55~59,사무/기술직,경기,2024-08-05
U0806,남,53,50대,50~54,자유/전문직,경기,2024-06-29
U1730,여,54,50대,50~54,전업주부,서울,2024-07-12
U1727,여,52,50대,50~54,경영/관리직,경기,2024-03-08
U0044,남,22,20대,20~24,기타,서울,2023-07-27
U1541,여,43,40대,40~44,자유/전문직,경기,2024-05-23
U0492,남,40,40대,40~44,자유/전문직,세종,2023-01-30
U0167,남,27,20대,25~29,판매/영업,광주,2024-09-19
U1040,여,22,20대,20~24,사무/기술직,부산,2023-08-31
U1064,여,21,20대,20~24,자유/전문직,경기,2024-02-07
U1437,여,36,30대,35~39,경영/관리직,인천,2023-07-07
U1156,여,28,20대,25~29,사무/기술직,전북,2024-10-02
U1916,여,55,50대,55~59,사무/기술직,경기,2024-10-28
U0992,남,55,50대,55~59,사무/기술직,서울,2024-01-30
U1600,여,48,40대,45~49,기타,광주,2024-07-22
U1999,여,57,50대,55~59,사무/기술직,충남,2023-01-22
U1974,여,58,50대,55~59,사무/기술직,경북,2023-05-20
U1080,여,22,20대,20~24,사무/기술직,경기,2023-11-16
U1120,여,29,20대,25~29,전업주부,서울,2024-09-29
U1681,여,48,40대,45~49,기타,광주,2023-10-08
U1041,여,23,20대,20~24,사무/기술직,경기,2024-09-07
U0663,남,48,40대,45~49,전업주부,서울,2024-08-08
U1670,여,46,40대,45~49,자유/전문직,서울,2023-10-19
U0151,남,28,20대,25~29,전업주부,경기,2023-03-26
U1079,여,21,20대,20~24,대학생,인천,2024-09-18
U1906,여,56,50대,55~59,자유/전문직,서울,2023-03-15
U0627,남,48,40대,45~49,대학생,서울,2024-06-14
U0635,남,48,40대,45~49,무직,경기,2023-10-26
U0727,남,52,50대,50~54,사무/기술직,서울,2024-03-02
U1669,여,47,40대,45~49,사무/기술직,경기,2023-08-10
U0345,남,39,30대,35~39,기타,대전,2023-03-08
U0060,남,22,20대,20~24,자유/전문직,대전,2024-03-28
U1175,여,28,20대,25~29,대학생,부산,2024-02-07
U1441,여,40,40대,40~44,기타,경남,2023-07-27
U0899,남,59,50대,55~59,무직,세종,2024-07-18
U0977,남,59,50대,55~59,기능/작업직,경기,2024-05-19
U0810,남,54,50대,50~54,기타,경기,2024-11-09
U0901,남,57,50대,55~59,사무/기술직,광주,2024-01-31
U0679,남,47,40대,45~49,자유/전문직,서울,2024-05-29
U0960,남,58,50대,55~59,판매/영업,충북,2024-04-17
U0218,남,33,30대,30~34,대학생,경북,2024-02-24
U0821,남,51,50대,50~54,전업주부,서울,2024-10-27
U1300,여,33,30대,30~34,사무/기술직,서울,2024-01-08
U1113,여,29,20대,25~29,판매/영업,경기,2023-10-21
U0967,남,56,50대,55~59,사무/기술직,대구,2024-11-03
U0080,남,24,20대,20~24,자유/전문직,전남,2023-05-21
U1434,여,36,30대,35~39,전업주부,부산,2024-11-25
U1228,여,31,30대,30~34,사무/기술직,대전,2023-10-17
U0125,남,25,20대,25~29,사무/기술직,경남,2023-08-01
U1545,여,40,40대,40~44,사무/기술직,광주,2024-01-08
U0278,남,32,30대,30~34,자유/전문직,인천,2024-09-23
U0089,남,22,20대,20~24,사무/기술직,충남,2023-11-12
U1828,여,54,50대,50~54,사무/기술직,서울,2024-02-10
U1590,여,45,40대,45~49,경영/관리직,대전,2023-12-02
U0271,남,34,30대,30~34,사무/기술직,경남,2023-01-07
U0681,남,48,40대,45~49,사무/기술직,경기,2023-10-01
U0991,남,58,50대,55~59,자영업,대전,2023-10-12
U0813,남,52,50대,50~54,자영업,경기,2023-01-25
U1942,여,55,50대,55~59,사무/기술직,경북,2023-06-13
U0233,남,34,30대,30~34,사무/기술직,경남,2024-03-31
U0046,남,20,20대,20~24,경영/관리직,전북,2023-05-08
U1112,여,26,20대,25~29,자영업,서울,2023-08-22
U0731,남,51,50대,50~54,경영/관리직,서울,2024-11-09
U1587,여,46,40대,45~49,사무/기술직,제주,2024-09-04
U1025,남,59,50대,55~59,전업주부,대전,2024-08-25
U1904,여,57,50대,55~59,판매/영업,서울,2024-04-05
U0168,남,27,20대,25~29,자유/전문직,경기,2024-05-31
U0655,남,49,40대,45~49,자유/전문직,인천,2023-10-02
U1377,여,38,30대,35~39,사무/기술직,충북,2024-11-04
U1187,여,28,20대,25~29,사무/기술직,서울,2023-11-08
U1104,여,24,20대,20~24,사무/기술직,서울,2024-04-09
U0189,남,29,20대,25~29,사무/기술직,경기,2024-04-24
U1832,여,50,50대,50~54,사무/기술직,경남,2023-02-11
U0457,남,42,40대,40~44,사무/기술직,서울,2024-07-03
U0295,남,34,30대,30~34,사무/기술직,충북,2024-09-04
U1789,여,50,50대,50~54,전업주부,대전,2023-11-01
U1321,여,34,30대,30~34,자유/전문직,경기,2023-03-04
U1131,여,27,20대,25~29,기능/작업직,충북,2023-11-04
U0321,남,32,30대,30~34,자유/전문직,경북,2023-10-02
U1829,여,53,50대,50~54,경영/관리직,경기,2023-09-21
U1588,여,47,40대,45~49,사무/기술직,경기,2024-08-05
U0710,남,48,40대,45~49,기타,경기,2024-06-23
U1118,여,28,20대,25~29,전업주부,부산,2024-01-08
U0446,남,35,30대,35~39,자유/전문직,광주,2024-03-07
U0090,남,22,20대,20~24,기타,인천,2023-04-21
U0416,남,35,30대,35~39,사무/기술직,전남,2023-04-07
U1885,여,59,50대,55~59,대학생,강원,2024-03-31
U0265,남,34,30대,30~34,사무/기술직,강원,2023-11-06
U1534,여,43,40대,40~44,무직,경기,2024-05-25
U1060,여,20,20대,20~24,사무/기술직,서울,2024-09-01
U1987,여,56,50대,55~59,사무/기술직,부산,2024-02-13
U0115,남,26,20대,25~29,사무/기술직,서울,2024-10-01
U1911,여,56,50대,55~59,경영/관리직,서울,2024-09-06
U0957,남,58,50대,55~59,사무/기술직,광주,2024-02-20
U0201,남,28,20대,25~29,사무/기술직,서울,2023-06-23
U1134,여,29,20대,25~29,사무/기술직,대전,2023-07-08
U1664,여,47,40대,45~49,자유/전문직,대구,2024-05-25
U0945,남,55,50대,55~59,기타,광주,2024-07-15
U1147,여,26,20대,25~29,사무/기술직,서울,2024-09-02
U1738,여,54,50대,50~54,사무/기술직,서울,2023-01-22
U1101,여,20,20대,20~24,사무/기술직,대구,2024-04-22
U0606,남,46,40대,45~49,무직,전북,2024-02-04
U0181,남,27,20대,25~29,자유/전문직,경기,2024-06-07
U1847,여,51,50대,50~54,사무/기술직,서울,2023-02-01
U0087,남,24,20대,20~24,대학생,서울,2024-07-14
U0084,남,22,20대,20~24,전업주부,경기,2023-10-05
U0252,남,34,30대,30~34,사무/기술직,서울,2023-10-27
U1051,여,24,20대,20~24,사무/기술직,서울,2023-05-28
U1831,여,53,50대,50~54,사무/기술직,전남,2023-03-29
U1549,여,42,40대,40~44,기능/작업직,대구,2024-08-09
U0551,남,44,40대,40~44,대학생,경기,2023-11-24
U1679,여,45,40대,45~49,대학생,대전,2024-08-11
U1851,여,58,50대,55~59,사무/기술직,서울,2024-03-27
U1581,여,45,40대,45~49,사무/기술직,경기,2024-04-12
U0706,남,49,40대,45~49,전업주부,경기,2023-09-04
U1718,여,54,50대,50~54,기능/작업직,경북,2023-05-30
U0755,남,51,50대,50~54,전업주부,경기,2023-09-03
U1776,여,54,50대,50~54,자영업,서울,2024-05-01
U1465,여,42,40대,40~44,무직,충북,2023-11-22
U1209,여,26,20대,25~29,자영업,인천,2023-08-20
U1674,여,48,40대,45~49,기능/작업직,전북,2023-07-06
U1388,여,39,30대,35~39,사무/기술직,대전,2023-02-02
U1808,여,54,50대,50~54,사무/기술직,세종,2024-05-15
U0214,남,30,30대,30~34,사무/기술직,경기,2023-04-30
U1852,여,58,50대,55~59,전업주부,서울,2024-03-16
U0766,남,53,50대,50~54,대학생,대구,2023-02-24
U1148,여,28,20대,25~29,사무/기술직,서울,2024-07-21
U1810,여,52,50대,50~54,대학생,경기,2023-03-03
U0424,남,38,30대,35~39,사무/기술직,광주,2024-03-12
U0612,남,45,40대,45~49,자유/전문직,서울,2024-06-14
U1896,여,56,50대,55~59,사무/기술직,서울,2024-04-26
U0631,남,49,40대,45~49,사무/기술직,대구,2024-09-10
U1394,여,38,30대,35~39,판매/영업,경기,2023-03-18
U1239,여,32,30대,30~34,사무/기술직,서울,2024-05-21
U0578,남,43,40대,40~44,사무/기술직,경기,2024-11-17
U1023,남,56,50대,55~59,무직,대전,2023-07-20
U0362,남,37,30대,35~39,무직,서울,2023-08-14
U1934,여,59,50대,55~59,전업주부,부산,2023-01-29
U1183,여,25,20대,25~29,사무/기술직,경기,2024-06-22
U1103,여,21,20대,20~24,자유/전문직,서울,2023-09-12
U1882,여,58,50대,55~59,사무/기술직,경기,2023-08-08
U0691,남,47,40대,45~49,사무/기술직,대구,2024-12-02
U1496,여,44,40대,40~44,자영업,대전,2023-03-11
U1076,여,21,20대,20~24,기타,서울,2024-09-23
U0137,남,28,20대,25~29,무직,경북,2023-01-12
U1766,여,53,50대,50~54,기타,경기,2024-09-10
U1903,여,56,50대,55~59,대학생,서울,2023-07-05
U0433,남,38,30대,35~39,사무/기술직,대구,2024-02-10
U1358,여,35,30대,35~39,자유/전문직,경기,2024-08-08
U1728,여,51,50대,50~54,사무/기술직,충북,2023-11-13
U1492,여,42,40대,40~44,자유/전문직,서울,2024-09-08
U0322,남,33,30대,30~34,기능/작업직,서울,2024-04-28
U0069,남,21,20대,20~24,무직,경남,2023-10-05
U0817,남,51,50대,50~54,기타,충남,2023-08-13
U1734,여,50,50대,50~54,전업주부,대전,2024-05-11
U1347,여,37,30대,35~39,전업주부,서울,2024-10-20
U0037,남,22,20대,20~24,기능/작업직,서울,2024-04-27
U1299,여,34,30대,30~34,기능/작업직,대구,2024-11-30
U0173,남,29,20대,25~29,사무/기술직,서울,2023-12-13
U0150,남,27,20대,25~29,기타,대전,2023-02-13
U0642,남,47,40대,45~49,사무/기술직,경기,2023-12-28
U0124,남,28,20대,25~29,기능/작업직,경기,2024-07-08
U0279,남,32,30대,30~34,자영업,서울,2023-04-15
U0232,남,34,30대,30~34,자영업,대전,2024-06-30
U1129,여,26,20대,25~29,경영/관리직,경기,2023-05-07
U1690,여,46,40대,45~49,전업주부,서울,2023-12-01
U1494,여,41,40대,40~44,경영/관리직,인천,2024-08-26
U1243,여,31,30대,30~34,사무/기술직,경기,2024-08-20
U0518,남,42,40대,40~44,대학생,강원,2024-01-01
U0324,남,32,30대,30~34,기타,서울,2024-09-26
U1246,여,30,30대,30~34,기타,대전,2023-04-09
U1001,남,56,50대,55~59,자영업,전북,2024-03-03
U1255,여,34,30대,30~34,자영업,경기,2023-06-07
U0774,남,51,50대,50~54,사무/기술직,경기,2023-11-02
U1159,여,28,20대,25~29,자유/전문직,경기,2024-11-24
U1932,여,55,50대,55~59,자유/전문직,강원,2024-07-21
U0789,남,53,50대,50~54,자유/전문직,대전,2024-10-11
U0070,남,24,20대,20~24,사무/기술직,경기,2023-08-12
U1689,여,47,40대,45~49,전업주부,경북,2024-04-03
U0177,남,25,20대,25~29,대학원생,충북,2023-09-15
U0893,남,57,50대,55~59,자유/전문직,대구,2023-09-30
U0873,남,51,50대,50~54,자유/전문직,전북,2024-11-21
U1866,여,58,50대,55~59,사무/기술직,경기,2023-07-18
U1323,여,33,30대,30~34,사무/기술직,대전,2024-06-27
U0946,남,55,50대,55~59,자유/전문직,대전,2024-02-18
U0732,남,53,50대,50~54,자유/전문직,경기,2023-06-17
U0248,남,33,30대,30~34,판매/영업,서울,2023-05-24
U1920,여,59,50대,55~59,대학생,충북,2023-01-30
U1748,여,50,50대,50~54,사무/기술직,인천,2024-07-18
U0571,남,42,40대,40~44,대학생,서울,2024-08-23
U1606,여,45,40대,45~49,자유/전문직,서울,2023-09-27
U1630,여,49,40대,45~49,사무/기술직,인천,2023-09-22
U1809,여,51,50대,50~54,사무/기술직,대구,2023-12-15
U1654,여,46,40대,45~49,기타,세종,2024-04-07
U1602,여,46,40대,45~49,기타,충남,2024-08-30
U1152,여,25,20대,25~29,사무/기술직,대구,2024-03-11
U0103,남,27,20대,25~29,사무/기술직,경기,2024-07-15
U0130,남,27,20대,25~29,사무/기술직,광주,2023-05-08
U0145,남,25,20대,25~29,판매/영업,경기,2023-06-23
U0365,남,38,30대,35~39,기타,경기,2023-09-05
U1624,여,46,40대,45~49,자유/전문직,대전,2024-01-21
U1193,여,28,20대,25~29,사무/기술직,서울,2024-04-19
U1330,여,31,30대,30~34,사무/기술직,서울,2023-07-08
U0288,남,32,30대,30~34,전업주부,대구,2023-09-02
U1379,여,36,30대,35~39,경영/관리직,인천,2023-10-24
U0452,남,41,40대,40~44,자유/전문직,경기,2024-06-25
U1304,여,31,30대,30~34,판매/영업,대구,2023-01-23
U1495,여,41,40대,40~44,판매/영업,서울,2024-11-01
U1071,여,22,20대,20~24,기타,서울,2023-11-11
U1451,여,40,40대,40~44,대학생,서울,2024-03-27
U0258,남,30,30대,30~34,기타,부산,2023-10-04
U1154,여,26,20대,25~29,사무/기술직,서울,2024-11-26
U1200,여,26,20대,25~29,기능/작업직,경기,2024-01-18
U1509,여,43,40대,40~44,사무/기술직,제주,2024-09-15
U1652,여,48,40대,45~49,무직,서울,2024-11-02
U0916,남,58,50대,55~59,자영업,경기,2024-09-15
U1735,여,51,50대,50~54,대학생,서울,2024-06-22
U0996,남,55,50대,55~59,자유/전문직,경기,2024-03-18
U1172,여,28,20대,25~29,무직,경기,2024-08-15
U1052,여,20,20대,20~24,사무/기술직,충남,2023-03-27
U1231,여,32,30대,30~34,판매/영업,경북,2024-03-18
U0229,남,32,30대,30~34,사무/기술직,경기,2024-01-06
U0970,남,56,50대,55~59,사무/기술직,서울,2024-02-27
U0469,남,43,40대,40~44,자유/전문직,경기,2023-06-11
U1007,남,56,50대,55~59,사무/기술직,서울,2023-07-19
U1814,여,53,50대,50~54,사무/기술직,서울,2023-08-17
U1889,여,57,50대,55~59,사무/기술직,서울,2024-05-21
U0375,남,35,30대,35~39,경영/관리직,경남,2024-02-25
U0136,남,25,20대,25~29,경영/관리직,울산,2024-10-07
U1278,여,31,30대,30~34,전업주부,대구,2023-07-24
U1745,여,50,50대,50~54,사무/기술직,부산,2023-06-06
U1979,여,55,50대,55~59,기타,서울,2024-03-14
U0410,남,37,30대,35~39,사무/기술직,인천,2023-04-22
U0160,남,29,20대,25~29,자유/전문직,충남,2024-07-24
U1791,여,54,50대,50~54,전업주부,경남,2023-07-17
U0592,남,47,40대,45~49,경영/관리직,서울,2024-06-07
U1127,여,29,20대,25~29,사무/기술직,충남,2024-05-28
U1014,남,56,50대,55~59,자영업,서울,2024-06-16
U1407,여,35,30대,35~39,대학생,대구,2023-09-21
U1396,여,38,30대,35~39,대학생,경기,2024-07-23
U1328,여,30,30대,30~34,자유/전문직,서울,2024-08-21
U1596,여,49,40대,45~49,무직,대전,2024-06-16
U1918,여,55,50대,55~59,자유/전문직,서울,2023-05-28
U1524,여,40,40대,40~44,사무/기술직,경남,2023-04-27
U1430,여,39,30대,35~39,자영업,대전,2023-02-21
U1695,여,47,40대,45~49,전업주부,서울,2023-05-21
U0217,남,30,30대,30~34,기능/작업직,부산,2024-10-07
U1912,여,56,50대,55~59,자유/전문직,경북,2024-08-13
U0748,남,52,50대,50~54,자유/전문직,경기,2023-02-10
U0740,남,50,50대,50~54,자유/전문직,경기,2024-03-27
U1096,여,21,20대,20~24,사무/기술직,서울,2023-08-02
U0153,남,27,20대,25~29,기타,경기,2024-09-22
U0613,남,46,40대,45~49,자영업,충남,2023-11-24
U1419,여,39,30대,35~39,경영/관리직,인천,2024-05-11
U0427,남,39,30대,35~39,사무/기술직,세종,2023-07-08
U0408,남,36,30대,35~39,사무/기술직,충남,2024-02-01
U1017,남,57,50대,55~59,사무/기술직,부산,2024-08-17
U1456,여,44,40대,40~44,기능/작업직,전남,2024-09-22
U1591,여,48,40대,45~49,대학생,경기,2023-07-26
U0968,남,57,50대,55~59,자유/전문직,부산,2024-01-17
U1953,여,59,50대,55~59,기타,서울,2023-06-14
U0537,남,40,40대,40~44,자영업,전북,2024-01-01
U0378,남,39,30대,35~39,전업주부,경기,2024-10-17
U0616,남,47,40대,45~49,자유/전문직,서울,2023-11-17
U1610,여,48,40대,45~49,사무/기술직,서울,2024-07-20
U0548,남,40,40대,40~44,기능/작업직,서울,2023-04-12
U0650,남,48,40대,45~49,기능/작업직,경북,2023-07-15
U1170,여,25,20대,25~29,자유/전문직,충남,2023-07-24
U0932,남,59,50대,55~59,대학생,인천,2024-01-16
U0741,남,54,50대,50~54,기타,경남,2024-04-25
U1771,여,50,50대,50~54,판매/영업,광주,2023-05-18
U1145,여,26,20대,25~29,기능/작업직,전북,2024-06-23
U0953,남,57,50대,55~59,자영업,대전,2023-05-17
U0297,남,33,30대,30~34,경영/관리직,인천,2023-05-30
U0796,남,51,50대,50~54,사무/기술직,서울,2023-08-25
U1362,여,39,30대,35~39,사무/기술직,서울,2023-10-22
U1390,여,38,30대,35~39,자유/전문직,전북,2024-08-27
U1281,여,33,30대,30~34,경영/관리직,광주,2024-05-02
U1858,여,59,50대,55~59,판매/영업,인천,2024-08-21
U0730,남,51,50대,50~54,사무/기술직,충남,2024-04-18
U0336,남,33,30대,30~34,자유/전문직,서울,2023-02-04
U1479,여,41,40대,40~44,대학생,경기,2023-01-03
U1502,여,43,40대,40~44,전업주부,경기,2024-02-12
U0938,남,57,50대,55~59,기타,서울,2024-06-11
U1700,여,46,40대,45~49,사무/기술직,울산,2024-05-08
U1966,여,55,50대,55~59,사무/기술직,부산,2024-06-20
U0511,남,44,40대,40~44,사무/기술직,대구,2023-12-08
U0380,남,35,30대,35~39,사무/기술직,경기,2024-08-25
U1242,여,34,30대,30~34,사무/기술직,광주,2024-02-01
U1614,여,47,40대,45~49,자영업,광주,2023-09-14
U1525,여,42,40대,40~44,사무/기술직,서울,2024-01-05
U0358,남,38,30대,35~39,대학생,경기,2023-05-19
U1234,여,31,30대,30~34,대학생,인천,2024-01-08
U1279,여,30,30대,30~34,기능/작업직,인천,2024-07-15
U0241,남,32,30대,30~34,전업주부,서울,2023-09-28
U0263,남,34,30대,30~34,자유/전문직,서울,2024-07-07
U1505,여,42,40대,40~44,경영/관리직,부산,2023-02-26
U1880,여,57,50대,55~59,경영/관리직,인천,2023-10-10
U0335,남,33,30대,30~34,대학생,대구,2024-03-12
U0425,남,35,30대,35~39,대학생,인천,2024-08-19
U0841,남,52,50대,50~54,자유/전문직,경남,2023-08-23
U0404,남,37,30대,35~39,농업,부산,2024-10-04
U0593,남,46,40대,45~49,자유/전문직,경북,2023-12-02
U1005,남,58,50대,55~59,전업주부,경남,2023-03-10
U0109,남,29,20대,25~29,무직,경기,2024-10-30
U1644,여,46,40대,45~49,사무/기술직,부산,2024-11-02
U0166,남,28,20대,25~29,자유/전문직,서울,2023-01-09
U0465,남,41,40대,40~44,자영업,대구,2024-07-22
U1338,여,35,30대,35~39,기능/작업직,서울,2024-10-26
U0274,남,31,30대,30~34,경영/관리직,부산,2024-10-20
U1176,여,28,20대,25~29,자영업,충남,2023-05-18
U1205,여,27,20대,25~29,대학생,대구,2024-08-06
U0100,남,26,20대,25~29,자유/전문직,경기,2024-03-30
U1271,여,34,30대,30~34,기능/작업직,경기,2024-05-29
U0677,남,49,40대,45~49,사무/기술직,경기,2023-07-15
U1470,여,44,40대,40~44,사무/기술직,대구,2023-07-04
U1324,여,34,30대,30~34,사무/기술직,전북,2024-07-02
U0814,남,52,50대,50~54,사무/기술직,대구,2024-06-21
U0082,남,22,20대,20~24,자영업,서울,2023-02-13
U0422,남,39,30대,35~39,기타,경기,2024-06-26
U0342,남,39,30대,35~39,사무/기술직,경남,2023-11-01
U0099,남,26,20대,25~29,자영업,대전,2023-08-01
U1632,여,46,40대,45~49,자유/전문직,충북,2024-04-03
U0656,남,47,40대,45~49,사무/기술직,서울,2023-05-25
U1917,여,57,50대,55~59,전업주부,서울,2023-12-28
U1499,여,40,40대,40~44,자영업,서울,2024-08-05
U0686,남,45,40대,45~49,자유/전문직,서울,2024-08-09
U1639,여,48,40대,45~49,무직,서울,2023-03-18
U1945,여,57,50대,55~59,사무/기술직,경기,2024-05-27
U1000,남,57,50대,55~59,사무/기술직,강원,2024-03-09
U1877,여,58,50대,55~59,고등학생,부산,2024-09-27
U1317,여,33,30대,30~34,판매/영업,경기,2023-08-13
U1773,여,52,50대,50~54,자유/전문직,인천,2023-04-20
U0269,남,31,30대,30~34,자유/전문직,경기,2023-12-05
U0596,남,45,40대,45~49,사무/기술직,충북,2023-06-01
U0824,남,53,50대,50~54,경영/관리직,전북,2024-10-31
U1098,여,23,20대,20~24,자영업,강원,2023-11-16
U0251,남,32,30대,30~34,기능/작업직,경기,2023-03-27
U1440,여,35,30대,35~39,기타,서울,2023-02-12
U1774,여,50,50대,50~54,판매/영업,경남,2024-07-28
U1178,여,27,20대,25~29,사무/기술직,전남,2023-02-13
U1179,여,25,20대,25~29,자영업,경남,2024-04-16
U0326,남,30,30대,30~34,대학생,전북,2024-03-28
U1453,여,42,40대,40~44,경영/관리직,대전,2024-10-12
U0195,남,28,20대,25~29,기타,제주,2024-02-26
U1723,여,51,50대,50~54,사무/기술직,경기,2023-11-28
U1656,여,46,40대,45~49,무직,경남,2024-11-07
U0013,남,23,20대,20~24,자영업,부산,2024-03-10
U0506,남,44,40대,40~44,자영업,경기,2024-05-19
U1460,여,44,40대,40~44,사무/기술직,경남,2024-07-13
U1128,여,29,20대,25~29,사무/기술직,경북,2023-03-30
U0179,남,25,20대,25~29,사무/기술직,서울,2024-10-18
U0632,남,48,40대,45~49,자영업,서울,2023-08-01
U0521,남,42,40대,40~44,경영/관리직,경기,2023-03-19
U0154,남,25,20대,25~29,경영/관리직,서울,2023-03-09
U1445,여,42,40대,40~44,사무/기술직,대구,2024-06-02
U0780,남,50,50대,50~54,사무/기술직,강원,2024-07-18
U1795,여,53,50대,50~54,판매/영업,경기,2023-08-27
U0478,남,43,40대,40~44,대학생,울산,2023-07-03
U1151,여,27,20대,25~29,자유/전문직,부산,2024-02-12
U1980,여,56,50대,55~59,사무/기술직,대전,2024-03-11
U1616,여,49,40대,45~49,기타,서울,2024-02-02
U1488,여,44,40대,40~44,사무/기술직,서울,2024-02-08
U1454,여,42,40대,40~44,자유/전문직,광주,2023-07-02
U1171,여,27,20대,25~29,자유/전문직,전북,2023-09-22
U0015,남,21,20대,20~24,자영업,서울,2023-09-02
U0350,남,37,30대,35~39,대학생,충남,2024-11-19
U1516,여,42,40대,40~44,사무/기술직,경기,2024-07-10
U1247,여,32,30대,30~34,기능/작업직,경기,2024-04-14
U0198,남,28,20대,25~29,자유/전문직,인천,2024-11-01
U1372,여,36,30대,35~39,사무/기술직,광주,2024-02-14
U0863,남,53,50대,50~54,전업주부,서울,2024-03-24
U1511,여,40,40대,40~44,사무/기술직,부산,2023-04-11
U0114,남,27,20대,25~29,사무/기술직,부산,2023-12-01
U0597,남,46,40대,45~49,경영/관리직,서울,2023-03-07
U1888,여,57,50대,55~59,농업,경기,2023-12-10
U0306,남,34,30대,30~34,대학생,경기,2023-07-20
U0398,남,35,30대,35~39,대학생,전북,2023-01-26
U1833,여,51,50대,50~54,사무/기술직,세종,2023-03-14
U1799,여,50,50대,50~54,대학생,광주,2023-04-17
U0487,남,44,40대,40~44,판매/영업,경기,2024-06-03
U1142,여,29,20대,25~29,자유/전문직,부산,2024-07-17
U1191,여,25,20대,25~29,전업주부,경기,2024-06-04
U1586,여,48,40대,45~49,사무/기술직,서울,2023-09-13
U0885,남,58,50대,55~59,자유/전문직,경남,2023-09-08
U1582,여,47,40대,45~49,자영업,경북,2024-08-17
U0146,남,26,20대,25~29,무직,서울,2023-02-25
U1890,여,59,50대,55~59,자유/전문직,충남,2023-09-17
U0475,남,41,40대,40~44,경영/관리직,서울,2024-01-23
U0056,남,22,20대,20~24,사무/기술직,서울,2023-02-14
U1720,여,51,50대,50~54,경영/관리직,부산,2023-11-22
U1658,여,47,40대,45~49,전업주부,서울,2024-09-02
U0978,남,58,50대,55~59,사무/기술직,서울,2024-03-21
U0091,남,25,20대,25~29,자영업,부산,2023-05-18
U0064,남,23,20대,20~24,사무/기술직,경남,2023-11-13
U0816,남,51,50대,50~54,사무/기술직,경기,2024-01-25
U0307,남,34,30대,30~34,대학원생,대구,2024-05-13
U1196,여,29,20대,25~29,사무/기술직,경북,2023-08-23
U1794,여,52,50대,50~54,기능/작업직,서울,2023-05-10
U1542,여,43,40대,40~44,경영/관리직,서울,2024-09-22
U0512,남,44,40대,40~44,사무/기술직,인천,2024-06-22
U1346,여,38,30대,35~39,자유/전문직,경북,2024-09-05
U0892,남,59,50대,55~59,전업주부,경남,2024-11-06
U0599,남,48,40대,45~49,판매/영업,경기,2023-06-10
U0407,남,38,30대,35~39,사무/기술직,대구,2024-10-18
U1564,여,41,40대,40~44,전업주부,경기,2023-07-05
U0250,남,34,30대,30~34,사무/기술직,충남,2023-01-16
U0942,남,56,50대,55~59,자유/전문직,부산,2023-05-01
U1546,여,42,40대,40~44,사무/기술직,강원,2024-07-09
U0236,남,33,30대,30~34,자유/전문직,경기,2024-06-11
U1910,여,57,50대,55~59,무직,충남,2023-10-25
U0812,남,50,50대,50~54,자영업,경기,2023-11-02
U0341,남,38,30대,35~39,대학생,제주,2024-03-10
U0771,남,52,50대,50~54,자유/전문직,서울,2023-10-03
U1382,여,38,30대,35~39,경영/관리직,대구,2023-12-10
U0402,남,37,30대,35~39,대학생,서울,2024-04-17
U1309,여,30,30대,30~34,사무/기술직,울산,2023-08-26
U0786,남,51,50대,50~54,전업주부,경남,2024-09-28
U0527,남,44,40대,40~44,무직,서울,2023-10-12
U1157,여,25,20대,25~29,자유/전문직,서울,2023-04-23
U1424,여,36,30대,35~39,사무/기술직,경남,2023-06-19
U1598,여,45,40대,45~49,무직,충북,2023-07-19
U0641,남,47,40대,45~49,전업주부,경북,2024-09-08
U1968,여,57,50대,55~59,사무/기술직,경기,2023-01-16
U0777,남,54,50대,50~54,자영업,경기,2023-09-21
U1518,여,44,40대,40~44,기타,대전,2023-09-02
U0904,남,59,50대,55~59,전업주부,대구,2024-07-14
U1288,여,33,30대,30~34,전업주부,서울,2024-10-14
U0399,남,39,30대,35~39,무직,충북,2024-10-30
U1150,여,26,20대,25~29,사무/기술직,경기,2023-12-16
U1609,여,46,40대,45~49,사무/기술직,울산,2023-02-05
U1722,여,54,50대,50~54,경영/관리직,서울,2023-03-27
U0562,남,41,40대,40~44,경영/관리직,광주,2023-11-18
U1899,여,55,50대,55~59,기능/작업직,경기,2023-02-25
U0183,남,28,20대,25~29,사무/기술직,울산,2024-08-22
U0077,남,20,20대,20~24,사무/기술직,서울,2024-04-28
U0001,남,24,20대,20~24,사무/기술직,부산,2023-01-28
U1032,여,20,20대,20~24,사무/기술직,경기,2024-07-15
U0111,남,25,20대,25~29,사무/기술직,경기,2024-03-24
U0451,남,38,30대,35~39,사무/기술직,인천,2023-06-02
U0505,남,44,40대,40~44,사무/기술직,전남,2023-01-20
U0075,남,21,20대,20~24,대학생,서울,2024-08-25
U0228,남,34,30대,30~34,판매/영업,충북,2024-11-30
U1557,여,40,40대,40~44,대학생,제주,2023-07-10
U1721,여,51,50대,50~54,사무/기술직,경기,2024-01-18
U0382,남,37,30대,35~39,기능/작업직,경남,2024-03-28
U0129,남,29,20대,25~29,자유/전문직,경남,2023-03-10
U1320,여,32,30대,30~34,대학생,경기,2023-11-30
U1747,여,50,50대,50~54,사무/기술직,대구,2024-02-24
U1983,여,55,50대,55~59,사무/기술직,인천,2023-03-20
U1269,여,32,30대,30~34,대학생,충남,2023-10-18
U0098,남,29,20대,25~29,기능/작업직,서울,2024-04-03
U0354,남,36,30대,35~39,기타,경기,2024-11-29
U1521,여,40,40대,40~44,사무/기술직,서울,2023-01-15
U1374,여,36,30대,35~39,사무/기술직,부산,2023-02-11
U1621,여,48,40대,45~49,무직,경기,2023-04-18
U0320,남,32,30대,30~34,자영업,서울,2023-05-12
U1027,여,24,20대,20~24,무직,부산,2024-08-08
U1077,여,23,20대,20~24,전업주부,울산,2024-09-25
U1868,여,56,50대,55~59,기타,서울,2024-06-08
U1804,여,51,50대,50~54,경영/관리직,전남,2023-09-14
U0574,남,43,40대,40~44,판매/영업,강원,2023-09-22
U0020,남,24,20대,20~24,경영/관리직,경기,2024-01-25
U1092,여,21,20대,20~24,사무/기술직,서울,2024-11-19
U1914,여,57,50대,55~59,전업주부,경기,2023-08-12
U1464,여,43,40대,40~44,사무/기술직,경기,2024-08-25
U1786,여,54,50대,50~54,자유/전문직,부산,2023-08-22
U0975,남,58,50대,55~59,기능/작업직,서울,2024-09-05
U0239,남,31,30대,30~34,사무/기술직,서울,2023-07-01
U1313,여,32,30대,30~34,사무/기술직,서울,2023-01-13
U0658,남,49,40대,45~49,사무/기술직,경기,2023-02-24
U1149,여,26,20대,25~29,기능/작업직,인천,2023-11-13
U0223,남,30,30대,30~34,경영/관리직,부산,2023-05-28
U0849,남,50,50대,50~54,전업주부,광주,2024-02-21
U0325,남,32,30대,30~34,경영/관리직,경북,2024-07-18
U1895,여,55,50대,55~59,사무/기술직,경기,2024-05-25
U1238,여,34,30대,30~34,자영업,부산,2024-04-06
U0007,남,23,20대,20~24,대학생,경기,2024-09-08
U1416,여,36,30대,35~39,자유/전문직,전남,2023-10-12
U0823,남,54,50대,50~54,자유/전문직,서울,2023-08-21
U0971,남,57,50대,55~59,사무/기술직,서울,2023-11-04
U0364,남,39,30대,35~39,기능/작업직,서울,2023-05-11
U1935,여,55,50대,55~59,자영업,경기,2023-12-24
U0694,남,46,40대,45~49,대학생,경기,2024-01-31
U0182,남,26,20대,25~29,무직,대전,2023-10-11
U1116,여,27,20대,25~29,자영업,서울,2023-10-22
U0844,남,54,50대,50~54,기타,부산,2024-08-11
U0852,남,52,50대,50~54,대학생,경기,2023-03-21
U1223,여,34,30대,30~34,판매/영업,충남,2023-10-05
U1853,여,59,50대,55~59,자유/전문직,서울,2023-12-07
U0141,남,29,20대,25~29,자영업,서울,2024-09-27
U0704,남,47,40대,45~49,자유/전문직,경기,2023-04-28
U1301,여,34,30대,30~34,사무/기술직,부산,2024-07-25
U0896,남,55,50대,55~59,자유/전문직,경기,2023-12-28
U1688,여,46,40대,45~49,경영/관리직,세종,2024-07-17
U1537,여,42,40대,40~44,전업주부,경기,2023-03-09
U0417,남,37,30대,35~39,판매/영업,경남,2024-06-14
U0923,남,59,50대,55~59,사무/기술직,서울,2023-07-26
U0926,남,58,50대,55~59,사무/기술직,부산,2023-02-18
U1413,여,39,30대,35~39,경영/관리직,대구,2024-08-03
U1765,여,50,50대,50~54,무직,경기,2023-06-02
U0312,남,30,30대,30~34,대학원생,전북,2023-02-28
U1672,여,47,40대,45~49,자영업,부산,2023-10-29
U0122,남,26,20대,25~29,자유/전문직,강원,2024-02-06
U0019,남,23,20대,20~24,판매/영업,서울,2023-07-22
U0768,남,50,50대,50~54,자유/전문직,경기,2023-12-29
U1815,여,50,50대,50~54,무직,경기,2023-12-09
U1037,여,23,20대,20~24,사무/기술직,대구,2024-03-19
U0758,남,54,50대,50~54,사무/기술직,서울,2024-07-07
U0216,남,34,30대,30~34,기타,경기,2024-06-01
U1230,여,33,30대,30~34,사무/기술직,전북,2023-12-29
U0772,남,50,50대,50~54,판매/영업,경기,2023-01-07
U1820,여,54,50대,50~54,자유/전문직,경남,2024-05-30
U0105,남,29,20대,25~29,자영업,경기,2024-07-25
U1401,여,36,30대,35~39,사무/기술직,충남,2024-04-09
U1061,여,22,20대,20~24,사무/기술직,전북,2023-11-15
U0861,남,54,50대,50~54,전업주부,서울,2023-06-07
U1224,여,32,30대,30~34,자유/전문직,인천,2024-08-06
U1915,여,59,50대,55~59,전업주부,인천,2023-01-29
U1121,여,28,20대,25~29,판매/영업,경기,2024-05-15
U1263,여,32,30대,30~34,사무/기술직,세종,2024-02-27
U1188,여,28,20대,25~29,사무/기술직,충남,2024-08-06
U0982,남,57,50대,55~59,대학생,서울,2023-08-22
U0050,남,23,20대,20~24,사무/기술직,대전,2023-05-27
U1650,여,49,40대,45~49,경영/관리직,대구,2023-07-05
U1287,여,31,30대,30~34,자유/전문직,서울,2024-11-11
U1173,여,27,20대,25~29,사무/기술직,경기,2023-01-24
U0159,남,28,20대,25~29,대학생,전북,2023-03-31
U1898,여,57,50대,55~59,기능/작업직,전남,2023-06-03
U0039,남,21,20대,20~24,무직,광주,2024-01-09
U1298,여,33,30대,30~34,사무/기술직,광주,2023-10-31
U0476,남,40,40대,40~44,자유/전문직,경기,2023-05-20
U0163,남,28,20대,25~29,무직,대전,2024-05-27
U0735,남,51,50대,50~54,대학생,서울,2023-06-01
U0764,남,51,50대,50~54,대학원생,경기,2023-08-11
U0897,남,56,50대,55~59,경영/관리직,광주,2023-07-06
U1967,여,59,50대,55~59,전업주부,강원,2024-11-15
U0277,남,32,30대,30~34,무직,부산,2024-09-04
U0927,남,58,50대,55~59,사무/기술직,경기,2024-11-28
U1686,여,45,40대,45~49,경영/관리직,경기,2023-05-20
U0386,남,37,30대,35~39,전업주부,서울,2023-06-02
U0990,남,58,50대,55~59,고등학생,울산,2024-07-01
U1510,여,43,40대,40~44,경영/관리직,인천,2024-11-26
U0242,남,34,30대,30~34,사무/기술직,서울,2024-08-12
U0757,남,54,50대,50~54,판매/영업,서울,2024-05-14
U0648,남,46,40대,45~49,전업주부,경기,2023-08-10
